filename,caption
tile_000.png,"water tile, pixel art, top-down"
tile_001.png,"water tile, pixel art, top-down"
tile_002.png,"water tile, pixel art, top-down"
tile_003.png,"water tile, pixel art, top-down"
tile_004.png,"water tile, pixel art, top-down"
tile_005.png,"stone or rock tile, pixel art, top-down"
tile_006.png,"dirt or wood tile, pixel art, top-down"
tile_007.png,"stone or rock tile, pixel art, top-down"
tile_008.png,"sand tile, pixel art, top-down"
tile_009.png,"stone or rock tile, pixel art, top-down"
tile_010.png,"snow tile, pixel art, top-down"
tile_011.png,"snow tile, pixel art, top-down"
tile_012.png,"snow tile, pixel art, top-down"
tile_013.png,"snow tile, pixel art, top-down"
tile_014.png,"snow tile, pixel art, top-down"
tile_015.png,"snow tile, pixel art, top-down"
tile_016.png,"snow tile, pixel art, top-down"
tile_017.png,"snow tile, pixel art, top-down"
tile_018.png,"snow tile, pixel art, top-down"
tile_019.png,"snow tile, pixel art, top-down"
tile_020.png,"snow tile, pixel art, top-down"
tile_021.png,"snow tile, pixel art, top-down"
tile_022.png,"snow tile, pixel art, top-down"
tile_023.png,"snow tile, pixel art, top-down"
tile_024.png,"snow tile, pixel art, top-down"
tile_025.png,"snow tile, pixel art, top-down"
tile_026.png,"snow tile, pixel art, top-down"
tile_027.png,"snow tile, pixel art, top-down"
tile_028.png,"stone or rock tile, pixel art, top-down"
tile_029.png,"stone or rock tile, pixel art, top-down"
tile_030.png,"snow tile, pixel art, top-down"
tile_031.png,"dirt or wood tile, pixel art, top-down"
tile_032.png,"stone or rock tile, pixel art, top-down"
tile_033.png,"stone or rock tile, pixel art, top-down"
tile_034.png,"stone or rock tile, pixel art, top-down"
tile_035.png,"dirt or wood tile, pixel art, top-down"
tile_036.png,"snow tile, pixel art, top-down"
tile_037.png,"dark floor tile, pixel art, top-down"
tile_038.png,"dirt or wood tile, pixel art, top-down"
tile_039.png,"dirt or wood tile, pixel art, top-down"
tile_040.png,"snow tile, pixel art, top-down"
tile_041.png,"snow tile, pixel art, top-down"
tile_042.png,"snow tile, pixel art, top-down"
tile_043.png,"snow tile, pixel art, top-down"
tile_044.png,"snow tile, pixel art, top-down"
tile_045.png,"snow tile, pixel art, top-down"
tile_046.png,"snow tile, pixel art, top-down"
tile_047.png,"dirt or wood tile, pixel art, top-down"
tile_048.png,"dirt or wood tile, pixel art, top-down"
tile_049.png,"dirt or wood tile, pixel art, top-down"
tile_050.png,"dirt or wood tile, pixel art, top-down"
tile_051.png,"snow tile, pixel art, top-down"
tile_052.png,"snow tile, pixel art, top-down"
tile_053.png,"snow tile, pixel art, top-down"
tile_054.png,"dirt or wood tile, pixel art, top-down"
tile_055.png,"stone or rock tile, pixel art, top-down"
tile_056.png,"stone or rock tile, pixel art, top-down"
tile_057.png,"water tile, pixel art, top-down"
tile_058.png,"water tile, pixel art, top-down"
tile_059.png,"water tile, pixel art, top-down"
tile_060.png,"water tile, pixel art, top-down"
tile_061.png,"water tile, pixel art, top-down"
tile_062.png,"stone or rock tile, pixel art, top-down"
tile_063.png,"dirt or wood tile, pixel art, top-down"
tile_064.png,"stone or rock tile, pixel art, top-down"
tile_065.png,"sand tile, pixel art, top-down"
tile_066.png,"stone or rock tile, pixel art, top-down"
tile_067.png,"snow tile, pixel art, top-down"
tile_068.png,"snow tile, pixel art, top-down"
tile_069.png,"snow tile, pixel art, top-down"
tile_070.png,"sand tile, pixel art, top-down"
tile_071.png,"snow tile, pixel art, top-down"
tile_072.png,"snow tile, pixel art, top-down"
tile_073.png,"stone or rock tile, pixel art, top-down"
tile_074.png,"snow tile, pixel art, top-down"
tile_075.png,"stone or rock tile, pixel art, top-down"
tile_076.png,"snow tile, pixel art, top-down"
tile_077.png,"snow tile, pixel art, top-down"
tile_078.png,"snow tile, pixel art, top-down"
tile_079.png,"snow tile, pixel art, top-down"
tile_080.png,"snow tile, pixel art, top-down"
tile_081.png,"snow tile, pixel art, top-down"
tile_082.png,"snow tile, pixel art, top-down"
tile_083.png,"snow tile, pixel art, top-down"
tile_084.png,"stone or rock tile, pixel art, top-down"
tile_085.png,"dirt or wood tile, pixel art, top-down"
tile_086.png,"dirt or wood tile, pixel art, top-down"
tile_087.png,"dirt or wood tile, pixel art, top-down"
tile_088.png,"dirt or wood tile, pixel art, top-down"
tile_089.png,"stone or rock tile, pixel art, top-down"
tile_090.png,"stone or rock tile, pixel art, top-down"
tile_091.png,"stone or rock tile, pixel art, top-down"
tile_092.png,"dirt or wood tile, pixel art, top-down"
tile_093.png,"dark floor tile, pixel art, top-down"
tile_094.png,"dark floor tile, pixel art, top-down"
tile_095.png,"dirt or wood tile, pixel art, top-down"
tile_096.png,"dirt or wood tile, pixel art, top-down"
tile_097.png,"dirt or wood tile, pixel art, top-down"
tile_098.png,"snow tile, pixel art, top-down"
tile_099.png,"snow tile, pixel art, top-down"
tile_100.png,"snow tile, pixel art, top-down"
tile_1000.png,"snow tile, pixel art, top-down"
tile_1001.png,"snow tile, pixel art, top-down"
tile_1002.png,"snow tile, pixel art, top-down"
tile_1003.png,"stone or rock tile, pixel art, top-down"
tile_1004.png,"stone or rock tile, pixel art, top-down"
tile_1005.png,"stone or rock tile, pixel art, top-down"
tile_1006.png,"stone or rock tile, pixel art, top-down"
tile_1007.png,"snow tile, pixel art, top-down"
tile_1008.png,"snow tile, pixel art, top-down"
tile_1009.png,"snow tile, pixel art, top-down"
tile_101.png,"snow tile, pixel art, top-down"
tile_1010.png,"snow tile, pixel art, top-down"
tile_1011.png,"snow tile, pixel art, top-down"
tile_1012.png,"snow tile, pixel art, top-down"
tile_1013.png,"snow tile, pixel art, top-down"
tile_1014.png,"snow tile, pixel art, top-down"
tile_1015.png,"snow tile, pixel art, top-down"
tile_1016.png,"snow tile, pixel art, top-down"
tile_1017.png,"snow tile, pixel art, top-down"
tile_1018.png,"snow tile, pixel art, top-down"
tile_1019.png,"snow tile, pixel art, top-down"
tile_102.png,"snow tile, pixel art, top-down"
tile_1020.png,"snow tile, pixel art, top-down"
tile_1021.png,"snow tile, pixel art, top-down"
tile_1022.png,"snow tile, pixel art, top-down"
tile_1023.png,"snow tile, pixel art, top-down"
tile_1024.png,"snow tile, pixel art, top-down"
tile_1025.png,"snow tile, pixel art, top-down"
tile_1026.png,"dirt or wood tile, pixel art, top-down"
tile_1027.png,"dirt or wood tile, pixel art, top-down"
tile_1028.png,"dirt or wood tile, pixel art, top-down"
tile_1029.png,"dirt or wood tile, pixel art, top-down"
tile_103.png,"snow tile, pixel art, top-down"
tile_1030.png,"dirt or wood tile, pixel art, top-down"
tile_1031.png,"stone or rock tile, pixel art, top-down"
tile_1032.png,"stone or rock tile, pixel art, top-down"
tile_1033.png,"stone or rock tile, pixel art, top-down"
tile_1034.png,"stone or rock tile, pixel art, top-down"
tile_1035.png,"snow tile, pixel art, top-down"
tile_1036.png,"stone or rock tile, pixel art, top-down"
tile_1037.png,"stone or rock tile, pixel art, top-down"
tile_1038.png,"stone or rock tile, pixel art, top-down"
tile_1039.png,"sand tile, pixel art, top-down"
tile_104.png,"stone or rock tile, pixel art, top-down"
tile_1040.png,"sand tile, pixel art, top-down"
tile_1041.png,"sand tile, pixel art, top-down"
tile_1042.png,"sand tile, pixel art, top-down"
tile_1043.png,"sand tile, pixel art, top-down"
tile_1044.png,"sand tile, pixel art, top-down"
tile_1045.png,"sand tile, pixel art, top-down"
tile_1046.png,"sand tile, pixel art, top-down"
tile_1047.png,"sand tile, pixel art, top-down"
tile_1048.png,"snow tile, pixel art, top-down"
tile_1049.png,"snow tile, pixel art, top-down"
tile_105.png,"stone or rock tile, pixel art, top-down"
tile_1050.png,"sand tile, pixel art, top-down"
tile_1051.png,"sand tile, pixel art, top-down"
tile_1052.png,"sand tile, pixel art, top-down"
tile_1053.png,"sand tile, pixel art, top-down"
tile_1054.png,"sand tile, pixel art, top-down"
tile_1055.png,"snow tile, pixel art, top-down"
tile_1056.png,"snow tile, pixel art, top-down"
tile_1057.png,"sand tile, pixel art, top-down"
tile_1058.png,"sand tile, pixel art, top-down"
tile_1059.png,"sand tile, pixel art, top-down"
tile_106.png,"dirt or wood tile, pixel art, top-down"
tile_1060.png,"stone or rock tile, pixel art, top-down"
tile_1061.png,"stone or rock tile, pixel art, top-down"
tile_1062.png,"stone or rock tile, pixel art, top-down"
tile_1063.png,"stone or rock tile, pixel art, top-down"
tile_1064.png,"stone or rock tile, pixel art, top-down"
tile_1065.png,"stone or rock tile, pixel art, top-down"
tile_1066.png,"stone or rock tile, pixel art, top-down"
tile_1067.png,"snow tile, pixel art, top-down"
tile_1068.png,"snow tile, pixel art, top-down"
tile_1069.png,"dirt or wood tile, pixel art, top-down"
tile_107.png,"dirt or wood tile, pixel art, top-down"
tile_1070.png,"snow tile, pixel art, top-down"
tile_1071.png,"dirt or wood tile, pixel art, top-down"
tile_1072.png,"dirt or wood tile, pixel art, top-down"
tile_1073.png,"snow tile, pixel art, top-down"
tile_1074.png,"snow tile, pixel art, top-down"
tile_1075.png,"snow tile, pixel art, top-down"
tile_1076.png,"snow tile, pixel art, top-down"
tile_1077.png,"snow tile, pixel art, top-down"
tile_1078.png,"snow tile, pixel art, top-down"
tile_1079.png,"stone or rock tile, pixel art, top-down"
tile_108.png,"snow tile, pixel art, top-down"
tile_1080.png,"snow tile, pixel art, top-down"
tile_1081.png,"snow tile, pixel art, top-down"
tile_1082.png,"snow tile, pixel art, top-down"
tile_1083.png,"dirt or wood tile, pixel art, top-down"
tile_1084.png,"dirt or wood tile, pixel art, top-down"
tile_1085.png,"dirt or wood tile, pixel art, top-down"
tile_1086.png,"dirt or wood tile, pixel art, top-down"
tile_1087.png,"dirt or wood tile, pixel art, top-down"
tile_1088.png,"sand tile, pixel art, top-down"
tile_1089.png,"sand tile, pixel art, top-down"
tile_109.png,"snow tile, pixel art, top-down"
tile_1090.png,"sand tile, pixel art, top-down"
tile_1091.png,"sand tile, pixel art, top-down"
tile_1092.png,"sand tile, pixel art, top-down"
tile_1093.png,"dirt or wood tile, pixel art, top-down"
tile_1094.png,"dirt or wood tile, pixel art, top-down"
tile_1095.png,"dirt or wood tile, pixel art, top-down"
tile_1096.png,"sand tile, pixel art, top-down"
tile_1097.png,"sand tile, pixel art, top-down"
tile_1098.png,"snow tile, pixel art, top-down"
tile_1099.png,"sand tile, pixel art, top-down"
tile_110.png,"snow tile, pixel art, top-down"
tile_1100.png,"sand tile, pixel art, top-down"
tile_1101.png,"sand tile, pixel art, top-down"
tile_1102.png,"sand tile, pixel art, top-down"
tile_1103.png,"sand tile, pixel art, top-down"
tile_1104.png,"sand tile, pixel art, top-down"
tile_1105.png,"snow tile, pixel art, top-down"
tile_1106.png,"sand tile, pixel art, top-down"
tile_1107.png,"sand tile, pixel art, top-down"
tile_1108.png,"sand tile, pixel art, top-down"
tile_1109.png,"sand tile, pixel art, top-down"
tile_111.png,"snow tile, pixel art, top-down"
tile_1110.png,"sand tile, pixel art, top-down"
tile_1111.png,"sand tile, pixel art, top-down"
tile_1112.png,"snow tile, pixel art, top-down"
tile_1113.png,"sand tile, pixel art, top-down"
tile_1114.png,"sand tile, pixel art, top-down"
tile_1115.png,"sand tile, pixel art, top-down"
tile_1116.png,"sand tile, pixel art, top-down"
tile_1117.png,"stone or rock tile, pixel art, top-down"
tile_1118.png,"stone or rock tile, pixel art, top-down"
tile_1119.png,"snow tile, pixel art, top-down"
tile_112.png,"snow tile, pixel art, top-down"
tile_1120.png,"stone or rock tile, pixel art, top-down"
tile_1121.png,"stone or rock tile, pixel art, top-down"
tile_1122.png,"stone or rock tile, pixel art, top-down"
tile_1123.png,"stone or rock tile, pixel art, top-down"
tile_1124.png,"snow tile, pixel art, top-down"
tile_1125.png,"snow tile, pixel art, top-down"
tile_1126.png,"dirt or wood tile, pixel art, top-down"
tile_1127.png,"snow tile, pixel art, top-down"
tile_1128.png,"dirt or wood tile, pixel art, top-down"
tile_1129.png,"dirt or wood tile, pixel art, top-down"
tile_113.png,"snow tile, pixel art, top-down"
tile_1130.png,"snow tile, pixel art, top-down"
tile_1131.png,"snow tile, pixel art, top-down"
tile_1132.png,"snow tile, pixel art, top-down"
tile_1133.png,"snow tile, pixel art, top-down"
tile_1134.png,"snow tile, pixel art, top-down"
tile_1135.png,"snow tile, pixel art, top-down"
tile_1136.png,"snow tile, pixel art, top-down"
tile_1137.png,"snow tile, pixel art, top-down"
tile_1138.png,"snow tile, pixel art, top-down"
tile_1139.png,"snow tile, pixel art, top-down"
tile_114.png,"water tile, pixel art, top-down"
tile_1140.png,"snow tile, pixel art, top-down"
tile_1141.png,"snow tile, pixel art, top-down"
tile_1142.png,"dirt or wood tile, pixel art, top-down"
tile_1143.png,"dirt or wood tile, pixel art, top-down"
tile_1144.png,"dirt or wood tile, pixel art, top-down"
tile_1145.png,"sand tile, pixel art, top-down"
tile_1146.png,"sand tile, pixel art, top-down"
tile_1147.png,"sand tile, pixel art, top-down"
tile_1148.png,"sand tile, pixel art, top-down"
tile_1149.png,"sand tile, pixel art, top-down"
tile_115.png,"water tile, pixel art, top-down"
tile_1150.png,"dirt or wood tile, pixel art, top-down"
tile_1151.png,"dirt or wood tile, pixel art, top-down"
tile_1152.png,"dirt or wood tile, pixel art, top-down"
tile_1153.png,"sand tile, pixel art, top-down"
tile_1154.png,"sand tile, pixel art, top-down"
tile_1155.png,"snow tile, pixel art, top-down"
tile_1156.png,"sand tile, pixel art, top-down"
tile_1157.png,"sand tile, pixel art, top-down"
tile_1158.png,"sand tile, pixel art, top-down"
tile_1159.png,"sand tile, pixel art, top-down"
tile_116.png,"water tile, pixel art, top-down"
tile_1160.png,"snow tile, pixel art, top-down"
tile_1161.png,"sand tile, pixel art, top-down"
tile_1162.png,"snow tile, pixel art, top-down"
tile_1163.png,"sand tile, pixel art, top-down"
tile_1164.png,"sand tile, pixel art, top-down"
tile_1165.png,"sand tile, pixel art, top-down"
tile_1166.png,"sand tile, pixel art, top-down"
tile_1167.png,"snow tile, pixel art, top-down"
tile_1168.png,"sand tile, pixel art, top-down"
tile_1169.png,"snow tile, pixel art, top-down"
tile_117.png,"water tile, pixel art, top-down"
tile_1170.png,"sand tile, pixel art, top-down"
tile_1171.png,"sand tile, pixel art, top-down"
tile_1172.png,"sand tile, pixel art, top-down"
tile_1173.png,"sand tile, pixel art, top-down"
tile_1174.png,"stone or rock tile, pixel art, top-down"
tile_1175.png,"stone or rock tile, pixel art, top-down"
tile_1176.png,"snow tile, pixel art, top-down"
tile_1177.png,"stone or rock tile, pixel art, top-down"
tile_1178.png,"stone or rock tile, pixel art, top-down"
tile_1179.png,"stone or rock tile, pixel art, top-down"
tile_118.png,"water tile, pixel art, top-down"
tile_1180.png,"stone or rock tile, pixel art, top-down"
tile_1181.png,"snow tile, pixel art, top-down"
tile_1182.png,"snow tile, pixel art, top-down"
tile_1183.png,"snow tile, pixel art, top-down"
tile_1184.png,"snow tile, pixel art, top-down"
tile_1185.png,"dirt or wood tile, pixel art, top-down"
tile_1186.png,"dirt or wood tile, pixel art, top-down"
tile_1187.png,"snow tile, pixel art, top-down"
tile_1188.png,"snow tile, pixel art, top-down"
tile_1189.png,"snow tile, pixel art, top-down"
tile_119.png,"stone or rock tile, pixel art, top-down"
tile_1190.png,"snow tile, pixel art, top-down"
tile_1191.png,"snow tile, pixel art, top-down"
tile_1192.png,"snow tile, pixel art, top-down"
tile_1193.png,"snow tile, pixel art, top-down"
tile_1194.png,"snow tile, pixel art, top-down"
tile_1195.png,"snow tile, pixel art, top-down"
tile_1196.png,"snow tile, pixel art, top-down"
tile_1197.png,"stone or rock tile, pixel art, top-down"
tile_1198.png,"stone or rock tile, pixel art, top-down"
tile_1199.png,"stone or rock tile, pixel art, top-down"
tile_120.png,"sand tile, pixel art, top-down"
tile_1200.png,"stone or rock tile, pixel art, top-down"
tile_1201.png,"stone or rock tile, pixel art, top-down"
tile_1202.png,"sand tile, pixel art, top-down"
tile_1203.png,"sand tile, pixel art, top-down"
tile_1204.png,"sand tile, pixel art, top-down"
tile_1205.png,"sand tile, pixel art, top-down"
tile_1206.png,"sand tile, pixel art, top-down"
tile_1207.png,"dirt or wood tile, pixel art, top-down"
tile_1208.png,"dirt or wood tile, pixel art, top-down"
tile_1209.png,"dirt or wood tile, pixel art, top-down"
tile_121.png,"sand tile, pixel art, top-down"
tile_1210.png,"snow tile, pixel art, top-down"
tile_1211.png,"snow tile, pixel art, top-down"
tile_1212.png,"snow tile, pixel art, top-down"
tile_1213.png,"snow tile, pixel art, top-down"
tile_1214.png,"sand tile, pixel art, top-down"
tile_1215.png,"sand tile, pixel art, top-down"
tile_1216.png,"sand tile, pixel art, top-down"
tile_1217.png,"snow tile, pixel art, top-down"
tile_1218.png,"snow tile, pixel art, top-down"
tile_1219.png,"snow tile, pixel art, top-down"
tile_122.png,"dirt or wood tile, pixel art, top-down"
tile_1220.png,"snow tile, pixel art, top-down"
tile_1221.png,"stone or rock tile, pixel art, top-down"
tile_1222.png,"stone or rock tile, pixel art, top-down"
tile_1223.png,"stone or rock tile, pixel art, top-down"
tile_1224.png,"snow tile, pixel art, top-down"
tile_1225.png,"snow tile, pixel art, top-down"
tile_1226.png,"snow tile, pixel art, top-down"
tile_1227.png,"snow tile, pixel art, top-down"
tile_1228.png,"snow tile, pixel art, top-down"
tile_1229.png,"snow tile, pixel art, top-down"
tile_123.png,"dirt or wood tile, pixel art, top-down"
tile_1230.png,"snow tile, pixel art, top-down"
tile_1231.png,"snow tile, pixel art, top-down"
tile_1232.png,"snow tile, pixel art, top-down"
tile_1233.png,"snow tile, pixel art, top-down"
tile_1234.png,"snow tile, pixel art, top-down"
tile_1235.png,"stone or rock tile, pixel art, top-down"
tile_1236.png,"stone or rock tile, pixel art, top-down"
tile_1237.png,"stone or rock tile, pixel art, top-down"
tile_1238.png,"snow tile, pixel art, top-down"
tile_1239.png,"snow tile, pixel art, top-down"
tile_124.png,"snow tile, pixel art, top-down"
tile_1240.png,"snow tile, pixel art, top-down"
tile_1241.png,"snow tile, pixel art, top-down"
tile_1242.png,"dirt or wood tile, pixel art, top-down"
tile_1243.png,"dirt or wood tile, pixel art, top-down"
tile_1244.png,"snow tile, pixel art, top-down"
tile_1245.png,"snow tile, pixel art, top-down"
tile_1246.png,"snow tile, pixel art, top-down"
tile_1247.png,"snow tile, pixel art, top-down"
tile_1248.png,"snow tile, pixel art, top-down"
tile_1249.png,"snow tile, pixel art, top-down"
tile_125.png,"snow tile, pixel art, top-down"
tile_1250.png,"snow tile, pixel art, top-down"
tile_1251.png,"snow tile, pixel art, top-down"
tile_1252.png,"snow tile, pixel art, top-down"
tile_1253.png,"snow tile, pixel art, top-down"
tile_1254.png,"stone or rock tile, pixel art, top-down"
tile_1255.png,"stone or rock tile, pixel art, top-down"
tile_1256.png,"stone or rock tile, pixel art, top-down"
tile_1257.png,"stone or rock tile, pixel art, top-down"
tile_1258.png,"stone or rock tile, pixel art, top-down"
tile_1259.png,"sand tile, pixel art, top-down"
tile_126.png,"stone or rock tile, pixel art, top-down"
tile_1260.png,"sand tile, pixel art, top-down"
tile_1261.png,"sand tile, pixel art, top-down"
tile_1262.png,"sand tile, pixel art, top-down"
tile_1263.png,"sand tile, pixel art, top-down"
tile_1264.png,"stone or rock tile, pixel art, top-down"
tile_1265.png,"stone or rock tile, pixel art, top-down"
tile_1266.png,"stone or rock tile, pixel art, top-down"
tile_1267.png,"sand tile, pixel art, top-down"
tile_1268.png,"sand tile, pixel art, top-down"
tile_1269.png,"snow tile, pixel art, top-down"
tile_127.png,"stone or rock tile, pixel art, top-down"
tile_1270.png,"snow tile, pixel art, top-down"
tile_1271.png,"sand tile, pixel art, top-down"
tile_1272.png,"sand tile, pixel art, top-down"
tile_1273.png,"sand tile, pixel art, top-down"
tile_1274.png,"dirt or wood tile, pixel art, top-down"
tile_1275.png,"stone or rock tile, pixel art, top-down"
tile_1276.png,"snow tile, pixel art, top-down"
tile_1277.png,"snow tile, pixel art, top-down"
tile_1278.png,"stone or rock tile, pixel art, top-down"
tile_1279.png,"stone or rock tile, pixel art, top-down"
tile_128.png,"snow tile, pixel art, top-down"
tile_1280.png,"stone or rock tile, pixel art, top-down"
tile_1281.png,"sand tile, pixel art, top-down"
tile_1282.png,"snow tile, pixel art, top-down"
tile_1283.png,"snow tile, pixel art, top-down"
tile_1284.png,"snow tile, pixel art, top-down"
tile_1285.png,"snow tile, pixel art, top-down"
tile_1286.png,"snow tile, pixel art, top-down"
tile_1287.png,"snow tile, pixel art, top-down"
tile_1288.png,"stone or rock tile, pixel art, top-down"
tile_1289.png,"stone or rock tile, pixel art, top-down"
tile_129.png,"snow tile, pixel art, top-down"
tile_1290.png,"snow tile, pixel art, top-down"
tile_1291.png,"snow tile, pixel art, top-down"
tile_1292.png,"stone or rock tile, pixel art, top-down"
tile_1293.png,"stone or rock tile, pixel art, top-down"
tile_1294.png,"stone or rock tile, pixel art, top-down"
tile_1295.png,"snow tile, pixel art, top-down"
tile_1296.png,"snow tile, pixel art, top-down"
tile_1297.png,"snow tile, pixel art, top-down"
tile_1298.png,"snow tile, pixel art, top-down"
tile_1299.png,"snow tile, pixel art, top-down"
tile_130.png,"stone or rock tile, pixel art, top-down"
tile_1300.png,"snow tile, pixel art, top-down"
tile_1301.png,"snow tile, pixel art, top-down"
tile_1302.png,"snow tile, pixel art, top-down"
tile_1303.png,"snow tile, pixel art, top-down"
tile_1304.png,"snow tile, pixel art, top-down"
tile_1305.png,"snow tile, pixel art, top-down"
tile_1306.png,"snow tile, pixel art, top-down"
tile_1307.png,"snow tile, pixel art, top-down"
tile_1308.png,"snow tile, pixel art, top-down"
tile_1309.png,"snow tile, pixel art, top-down"
tile_131.png,"snow tile, pixel art, top-down"
tile_1310.png,"snow tile, pixel art, top-down"
tile_1311.png,"snow tile, pixel art, top-down"
tile_1312.png,"snow tile, pixel art, top-down"
tile_1313.png,"stone or rock tile, pixel art, top-down"
tile_1314.png,"stone or rock tile, pixel art, top-down"
tile_1315.png,"stone or rock tile, pixel art, top-down"
tile_1316.png,"sand tile, pixel art, top-down"
tile_1317.png,"sand tile, pixel art, top-down"
tile_1318.png,"sand tile, pixel art, top-down"
tile_1319.png,"sand tile, pixel art, top-down"
tile_132.png,"snow tile, pixel art, top-down"
tile_1320.png,"sand tile, pixel art, top-down"
tile_1321.png,"stone or rock tile, pixel art, top-down"
tile_1322.png,"stone or rock tile, pixel art, top-down"
tile_1323.png,"stone or rock tile, pixel art, top-down"
tile_1324.png,"sand tile, pixel art, top-down"
tile_1325.png,"snow tile, pixel art, top-down"
tile_1326.png,"sand tile, pixel art, top-down"
tile_1327.png,"sand tile, pixel art, top-down"
tile_1328.png,"sand tile, pixel art, top-down"
tile_1329.png,"sand tile, pixel art, top-down"
tile_133.png,"snow tile, pixel art, top-down"
tile_1330.png,"sand tile, pixel art, top-down"
tile_1331.png,"snow tile, pixel art, top-down"
tile_1332.png,"snow tile, pixel art, top-down"
tile_1333.png,"dirt or wood tile, pixel art, top-down"
tile_1334.png,"stone or rock tile, pixel art, top-down"
tile_1335.png,"stone or rock tile, pixel art, top-down"
tile_1336.png,"stone or rock tile, pixel art, top-down"
tile_1337.png,"stone or rock tile, pixel art, top-down"
tile_1338.png,"sand tile, pixel art, top-down"
tile_1339.png,"snow tile, pixel art, top-down"
tile_134.png,"snow tile, pixel art, top-down"
tile_1340.png,"sand tile, pixel art, top-down"
tile_1341.png,"snow tile, pixel art, top-down"
tile_1342.png,"snow tile, pixel art, top-down"
tile_1343.png,"snow tile, pixel art, top-down"
tile_1344.png,"snow tile, pixel art, top-down"
tile_1345.png,"stone or rock tile, pixel art, top-down"
tile_1346.png,"snow tile, pixel art, top-down"
tile_1347.png,"stone or rock tile, pixel art, top-down"
tile_1348.png,"stone or rock tile, pixel art, top-down"
tile_1349.png,"stone or rock tile, pixel art, top-down"
tile_135.png,"snow tile, pixel art, top-down"
tile_1350.png,"stone or rock tile, pixel art, top-down"
tile_1351.png,"stone or rock tile, pixel art, top-down"
tile_1352.png,"snow tile, pixel art, top-down"
tile_1353.png,"snow tile, pixel art, top-down"
tile_1354.png,"snow tile, pixel art, top-down"
tile_1355.png,"snow tile, pixel art, top-down"
tile_1356.png,"snow tile, pixel art, top-down"
tile_1357.png,"stone or rock tile, pixel art, top-down"
tile_1358.png,"dirt or wood tile, pixel art, top-down"
tile_1359.png,"snow tile, pixel art, top-down"
tile_136.png,"snow tile, pixel art, top-down"
tile_1360.png,"snow tile, pixel art, top-down"
tile_1361.png,"snow tile, pixel art, top-down"
tile_1362.png,"snow tile, pixel art, top-down"
tile_1363.png,"snow tile, pixel art, top-down"
tile_1364.png,"snow tile, pixel art, top-down"
tile_1365.png,"water tile, pixel art, top-down"
tile_1366.png,"water tile, pixel art, top-down"
tile_1367.png,"water tile, pixel art, top-down"
tile_1368.png,"snow tile, pixel art, top-down"
tile_1369.png,"snow tile, pixel art, top-down"
tile_137.png,"snow tile, pixel art, top-down"
tile_1370.png,"snow tile, pixel art, top-down"
tile_1371.png,"snow tile, pixel art, top-down"
tile_1372.png,"snow tile, pixel art, top-down"
tile_1373.png,"sand tile, pixel art, top-down"
tile_1374.png,"sand tile, pixel art, top-down"
tile_1375.png,"sand tile, pixel art, top-down"
tile_1376.png,"sand tile, pixel art, top-down"
tile_1377.png,"snow tile, pixel art, top-down"
tile_1378.png,"stone or rock tile, pixel art, top-down"
tile_1379.png,"stone or rock tile, pixel art, top-down"
tile_138.png,"snow tile, pixel art, top-down"
tile_1380.png,"stone or rock tile, pixel art, top-down"
tile_1381.png,"sand tile, pixel art, top-down"
tile_1382.png,"sand tile, pixel art, top-down"
tile_1383.png,"sand tile, pixel art, top-down"
tile_1384.png,"sand tile, pixel art, top-down"
tile_1385.png,"sand tile, pixel art, top-down"
tile_1386.png,"snow tile, pixel art, top-down"
tile_1387.png,"snow tile, pixel art, top-down"
tile_1388.png,"stone or rock tile, pixel art, top-down"
tile_1389.png,"stone or rock tile, pixel art, top-down"
tile_139.png,"snow tile, pixel art, top-down"
tile_1390.png,"snow tile, pixel art, top-down"
tile_1391.png,"dirt or wood tile, pixel art, top-down"
tile_1392.png,"stone or rock tile, pixel art, top-down"
tile_1393.png,"snow tile, pixel art, top-down"
tile_1394.png,"snow tile, pixel art, top-down"
tile_1395.png,"snow tile, pixel art, top-down"
tile_1396.png,"snow tile, pixel art, top-down"
tile_1397.png,"sand tile, pixel art, top-down"
tile_1398.png,"sand tile, pixel art, top-down"
tile_1399.png,"snow tile, pixel art, top-down"
tile_140.png,"snow tile, pixel art, top-down"
tile_1400.png,"snow tile, pixel art, top-down"
tile_1401.png,"snow tile, pixel art, top-down"
tile_1402.png,"stone or rock tile, pixel art, top-down"
tile_1403.png,"stone or rock tile, pixel art, top-down"
tile_1404.png,"stone or rock tile, pixel art, top-down"
tile_1405.png,"stone or rock tile, pixel art, top-down"
tile_1406.png,"stone or rock tile, pixel art, top-down"
tile_1407.png,"snow tile, pixel art, top-down"
tile_1408.png,"snow tile, pixel art, top-down"
tile_1409.png,"snow tile, pixel art, top-down"
tile_141.png,"snow tile, pixel art, top-down"
tile_1410.png,"snow tile, pixel art, top-down"
tile_1411.png,"snow tile, pixel art, top-down"
tile_1412.png,"snow tile, pixel art, top-down"
tile_1413.png,"snow tile, pixel art, top-down"
tile_1414.png,"snow tile, pixel art, top-down"
tile_1415.png,"snow tile, pixel art, top-down"
tile_1416.png,"snow tile, pixel art, top-down"
tile_1417.png,"snow tile, pixel art, top-down"
tile_1418.png,"snow tile, pixel art, top-down"
tile_1419.png,"snow tile, pixel art, top-down"
tile_142.png,"stone or rock tile, pixel art, top-down"
tile_1420.png,"snow tile, pixel art, top-down"
tile_1421.png,"snow tile, pixel art, top-down"
tile_1422.png,"water tile, pixel art, top-down"
tile_1423.png,"water tile, pixel art, top-down"
tile_1424.png,"water tile, pixel art, top-down"
tile_1425.png,"stone or rock tile, pixel art, top-down"
tile_1426.png,"stone or rock tile, pixel art, top-down"
tile_1427.png,"stone or rock tile, pixel art, top-down"
tile_1428.png,"sand tile, pixel art, top-down"
tile_1429.png,"sand tile, pixel art, top-down"
tile_143.png,"dirt or wood tile, pixel art, top-down"
tile_1430.png,"sand tile, pixel art, top-down"
tile_1431.png,"sand tile, pixel art, top-down"
tile_1432.png,"sand tile, pixel art, top-down"
tile_1433.png,"sand tile, pixel art, top-down"
tile_1434.png,"stone or rock tile, pixel art, top-down"
tile_1435.png,"stone or rock tile, pixel art, top-down"
tile_1436.png,"stone or rock tile, pixel art, top-down"
tile_1437.png,"dirt or wood tile, pixel art, top-down"
tile_1438.png,"dirt or wood tile, pixel art, top-down"
tile_1439.png,"dirt or wood tile, pixel art, top-down"
tile_144.png,"snow tile, pixel art, top-down"
tile_1440.png,"stone or rock tile, pixel art, top-down"
tile_1441.png,"stone or rock tile, pixel art, top-down"
tile_1442.png,"stone or rock tile, pixel art, top-down"
tile_1443.png,"stone or rock tile, pixel art, top-down"
tile_1444.png,"stone or rock tile, pixel art, top-down"
tile_1445.png,"stone or rock tile, pixel art, top-down"
tile_1446.png,"stone or rock tile, pixel art, top-down"
tile_1447.png,"stone or rock tile, pixel art, top-down"
tile_1448.png,"stone or rock tile, pixel art, top-down"
tile_1449.png,"stone or rock tile, pixel art, top-down"
tile_145.png,"snow tile, pixel art, top-down"
tile_1450.png,"stone or rock tile, pixel art, top-down"
tile_1451.png,"stone or rock tile, pixel art, top-down"
tile_1452.png,"stone or rock tile, pixel art, top-down"
tile_1453.png,"stone or rock tile, pixel art, top-down"
tile_1454.png,"stone or rock tile, pixel art, top-down"
tile_1455.png,"snow tile, pixel art, top-down"
tile_1456.png,"snow tile, pixel art, top-down"
tile_1457.png,"snow tile, pixel art, top-down"
tile_1458.png,"snow tile, pixel art, top-down"
tile_1459.png,"snow tile, pixel art, top-down"
tile_146.png,"sand tile, pixel art, top-down"
tile_1460.png,"snow tile, pixel art, top-down"
tile_1461.png,"snow tile, pixel art, top-down"
tile_1462.png,"snow tile, pixel art, top-down"
tile_1463.png,"snow tile, pixel art, top-down"
tile_1464.png,"snow tile, pixel art, top-down"
tile_1465.png,"snow tile, pixel art, top-down"
tile_1466.png,"stone or rock tile, pixel art, top-down"
tile_1467.png,"stone or rock tile, pixel art, top-down"
tile_1468.png,"stone or rock tile, pixel art, top-down"
tile_1469.png,"snow tile, pixel art, top-down"
tile_147.png,"sand tile, pixel art, top-down"
tile_1470.png,"snow tile, pixel art, top-down"
tile_1471.png,"snow tile, pixel art, top-down"
tile_1472.png,"sand tile, pixel art, top-down"
tile_1473.png,"sand tile, pixel art, top-down"
tile_1474.png,"sand tile, pixel art, top-down"
tile_1475.png,"snow tile, pixel art, top-down"
tile_1476.png,"snow tile, pixel art, top-down"
tile_1477.png,"snow tile, pixel art, top-down"
tile_1478.png,"snow tile, pixel art, top-down"
tile_1479.png,"snow tile, pixel art, top-down"
tile_148.png,"sand tile, pixel art, top-down"
tile_1480.png,"snow tile, pixel art, top-down"
tile_1481.png,"snow tile, pixel art, top-down"
tile_1482.png,"stone or rock tile, pixel art, top-down"
tile_1483.png,"stone or rock tile, pixel art, top-down"
tile_1484.png,"stone or rock tile, pixel art, top-down"
tile_1485.png,"sand tile, pixel art, top-down"
tile_1486.png,"sand tile, pixel art, top-down"
tile_1487.png,"sand tile, pixel art, top-down"
tile_1488.png,"sand tile, pixel art, top-down"
tile_1489.png,"sand tile, pixel art, top-down"
tile_149.png,"stone or rock tile, pixel art, top-down"
tile_1490.png,"sand tile, pixel art, top-down"
tile_1491.png,"stone or rock tile, pixel art, top-down"
tile_1492.png,"stone or rock tile, pixel art, top-down"
tile_1493.png,"stone or rock tile, pixel art, top-down"
tile_1494.png,"dirt or wood tile, pixel art, top-down"
tile_1495.png,"dirt or wood tile, pixel art, top-down"
tile_1496.png,"dirt or wood tile, pixel art, top-down"
tile_1497.png,"stone or rock tile, pixel art, top-down"
tile_1498.png,"stone or rock tile, pixel art, top-down"
tile_1499.png,"stone or rock tile, pixel art, top-down"
tile_150.png,"dark floor tile, pixel art, top-down"
tile_1500.png,"dirt or wood tile, pixel art, top-down"
tile_1501.png,"dirt or wood tile, pixel art, top-down"
tile_1502.png,"dirt or wood tile, pixel art, top-down"
tile_1503.png,"dirt or wood tile, pixel art, top-down"
tile_1504.png,"dirt or wood tile, pixel art, top-down"
tile_1505.png,"dirt or wood tile, pixel art, top-down"
tile_1506.png,"sand tile, pixel art, top-down"
tile_1507.png,"sand tile, pixel art, top-down"
tile_1508.png,"sand tile, pixel art, top-down"
tile_1509.png,"sand tile, pixel art, top-down"
tile_151.png,"dark floor tile, pixel art, top-down"
tile_1510.png,"sand tile, pixel art, top-down"
tile_1511.png,"sand tile, pixel art, top-down"
tile_1512.png,"snow tile, pixel art, top-down"
tile_1513.png,"snow tile, pixel art, top-down"
tile_1514.png,"snow tile, pixel art, top-down"
tile_1515.png,"snow tile, pixel art, top-down"
tile_1516.png,"snow tile, pixel art, top-down"
tile_1517.png,"snow tile, pixel art, top-down"
tile_1518.png,"snow tile, pixel art, top-down"
tile_1519.png,"snow tile, pixel art, top-down"
tile_152.png,"stone or rock tile, pixel art, top-down"
tile_1520.png,"snow tile, pixel art, top-down"
tile_1521.png,"snow tile, pixel art, top-down"
tile_1522.png,"snow tile, pixel art, top-down"
tile_1523.png,"stone or rock tile, pixel art, top-down"
tile_1524.png,"stone or rock tile, pixel art, top-down"
tile_1525.png,"stone or rock tile, pixel art, top-down"
tile_1526.png,"snow tile, pixel art, top-down"
tile_1527.png,"snow tile, pixel art, top-down"
tile_1528.png,"snow tile, pixel art, top-down"
tile_1529.png,"sand tile, pixel art, top-down"
tile_153.png,"stone or rock tile, pixel art, top-down"
tile_1530.png,"sand tile, pixel art, top-down"
tile_1531.png,"sand tile, pixel art, top-down"
tile_1532.png,"snow tile, pixel art, top-down"
tile_1533.png,"snow tile, pixel art, top-down"
tile_1534.png,"snow tile, pixel art, top-down"
tile_1535.png,"snow tile, pixel art, top-down"
tile_1536.png,"snow tile, pixel art, top-down"
tile_1537.png,"snow tile, pixel art, top-down"
tile_1538.png,"snow tile, pixel art, top-down"
tile_1539.png,"stone or rock tile, pixel art, top-down"
tile_154.png,"snow tile, pixel art, top-down"
tile_1540.png,"stone or rock tile, pixel art, top-down"
tile_1541.png,"stone or rock tile, pixel art, top-down"
tile_1542.png,"sand tile, pixel art, top-down"
tile_1543.png,"sand tile, pixel art, top-down"
tile_1544.png,"sand tile, pixel art, top-down"
tile_1545.png,"sand tile, pixel art, top-down"
tile_1546.png,"sand tile, pixel art, top-down"
tile_1547.png,"sand tile, pixel art, top-down"
tile_1548.png,"stone or rock tile, pixel art, top-down"
tile_1549.png,"stone or rock tile, pixel art, top-down"
tile_155.png,"stone or rock tile, pixel art, top-down"
tile_1550.png,"stone or rock tile, pixel art, top-down"
tile_1551.png,"dirt or wood tile, pixel art, top-down"
tile_1552.png,"dirt or wood tile, pixel art, top-down"
tile_1553.png,"dirt or wood tile, pixel art, top-down"
tile_1554.png,"stone or rock tile, pixel art, top-down"
tile_1555.png,"stone or rock tile, pixel art, top-down"
tile_1556.png,"stone or rock tile, pixel art, top-down"
tile_1557.png,"stone or rock tile, pixel art, top-down"
tile_1558.png,"stone or rock tile, pixel art, top-down"
tile_1559.png,"stone or rock tile, pixel art, top-down"
tile_156.png,"snow tile, pixel art, top-down"
tile_1560.png,"stone or rock tile, pixel art, top-down"
tile_1561.png,"stone or rock tile, pixel art, top-down"
tile_1562.png,"stone or rock tile, pixel art, top-down"
tile_1563.png,"sand tile, pixel art, top-down"
tile_1564.png,"sand tile, pixel art, top-down"
tile_1565.png,"sand tile, pixel art, top-down"
tile_1566.png,"sand tile, pixel art, top-down"
tile_1567.png,"sand tile, pixel art, top-down"
tile_1568.png,"sand tile, pixel art, top-down"
tile_1569.png,"snow tile, pixel art, top-down"
tile_157.png,"snow tile, pixel art, top-down"
tile_1570.png,"snow tile, pixel art, top-down"
tile_1571.png,"snow tile, pixel art, top-down"
tile_1572.png,"snow tile, pixel art, top-down"
tile_1573.png,"snow tile, pixel art, top-down"
tile_1574.png,"snow tile, pixel art, top-down"
tile_1575.png,"snow tile, pixel art, top-down"
tile_1576.png,"snow tile, pixel art, top-down"
tile_1577.png,"snow tile, pixel art, top-down"
tile_1578.png,"snow tile, pixel art, top-down"
tile_1579.png,"snow tile, pixel art, top-down"
tile_158.png,"dark floor tile, pixel art, top-down"
tile_1580.png,"stone or rock tile, pixel art, top-down"
tile_1581.png,"stone or rock tile, pixel art, top-down"
tile_1582.png,"stone or rock tile, pixel art, top-down"
tile_1583.png,"snow tile, pixel art, top-down"
tile_1584.png,"snow tile, pixel art, top-down"
tile_1585.png,"snow tile, pixel art, top-down"
tile_1586.png,"sand tile, pixel art, top-down"
tile_1587.png,"sand tile, pixel art, top-down"
tile_1588.png,"sand tile, pixel art, top-down"
tile_1589.png,"snow tile, pixel art, top-down"
tile_159.png,"stone or rock tile, pixel art, top-down"
tile_1590.png,"snow tile, pixel art, top-down"
tile_1591.png,"snow tile, pixel art, top-down"
tile_1592.png,"snow tile, pixel art, top-down"
tile_1593.png,"snow tile, pixel art, top-down"
tile_1594.png,"snow tile, pixel art, top-down"
tile_1595.png,"snow tile, pixel art, top-down"
tile_1596.png,"stone or rock tile, pixel art, top-down"
tile_1597.png,"stone or rock tile, pixel art, top-down"
tile_1598.png,"stone or rock tile, pixel art, top-down"
tile_1599.png,"sand tile, pixel art, top-down"
tile_160.png,"stone or rock tile, pixel art, top-down"
tile_1600.png,"sand tile, pixel art, top-down"
tile_1601.png,"sand tile, pixel art, top-down"
tile_1602.png,"sand tile, pixel art, top-down"
tile_1603.png,"sand tile, pixel art, top-down"
tile_1604.png,"sand tile, pixel art, top-down"
tile_1605.png,"stone or rock tile, pixel art, top-down"
tile_1606.png,"stone or rock tile, pixel art, top-down"
tile_1607.png,"stone or rock tile, pixel art, top-down"
tile_1608.png,"dirt or wood tile, pixel art, top-down"
tile_1609.png,"dirt or wood tile, pixel art, top-down"
tile_161.png,"stone or rock tile, pixel art, top-down"
tile_1610.png,"dirt or wood tile, pixel art, top-down"
tile_1611.png,"stone or rock tile, pixel art, top-down"
tile_1612.png,"stone or rock tile, pixel art, top-down"
tile_1613.png,"stone or rock tile, pixel art, top-down"
tile_1614.png,"stone or rock tile, pixel art, top-down"
tile_1615.png,"stone or rock tile, pixel art, top-down"
tile_1616.png,"stone or rock tile, pixel art, top-down"
tile_1617.png,"stone or rock tile, pixel art, top-down"
tile_1618.png,"stone or rock tile, pixel art, top-down"
tile_1619.png,"stone or rock tile, pixel art, top-down"
tile_162.png,"snow tile, pixel art, top-down"
tile_1620.png,"stone or rock tile, pixel art, top-down"
tile_1621.png,"stone or rock tile, pixel art, top-down"
tile_1622.png,"stone or rock tile, pixel art, top-down"
tile_1623.png,"stone or rock tile, pixel art, top-down"
tile_1624.png,"stone or rock tile, pixel art, top-down"
tile_1625.png,"stone or rock tile, pixel art, top-down"
tile_1626.png,"snow tile, pixel art, top-down"
tile_1627.png,"snow tile, pixel art, top-down"
tile_1628.png,"snow tile, pixel art, top-down"
tile_1629.png,"snow tile, pixel art, top-down"
tile_163.png,"dirt or wood tile, pixel art, top-down"
tile_1630.png,"snow tile, pixel art, top-down"
tile_1631.png,"snow tile, pixel art, top-down"
tile_1632.png,"snow tile, pixel art, top-down"
tile_1633.png,"snow tile, pixel art, top-down"
tile_1634.png,"snow tile, pixel art, top-down"
tile_1635.png,"snow tile, pixel art, top-down"
tile_1636.png,"snow tile, pixel art, top-down"
tile_1637.png,"stone or rock tile, pixel art, top-down"
tile_1638.png,"stone or rock tile, pixel art, top-down"
tile_1639.png,"stone or rock tile, pixel art, top-down"
tile_164.png,"dirt or wood tile, pixel art, top-down"
tile_1640.png,"dirt or wood tile, pixel art, top-down"
tile_1641.png,"dirt or wood tile, pixel art, top-down"
tile_1642.png,"dirt or wood tile, pixel art, top-down"
tile_1643.png,"water tile, pixel art, top-down"
tile_1644.png,"water tile, pixel art, top-down"
tile_1645.png,"water tile, pixel art, top-down"
tile_1646.png,"snow tile, pixel art, top-down"
tile_1647.png,"snow tile, pixel art, top-down"
tile_1648.png,"snow tile, pixel art, top-down"
tile_1649.png,"snow tile, pixel art, top-down"
tile_165.png,"snow tile, pixel art, top-down"
tile_1650.png,"snow tile, pixel art, top-down"
tile_1651.png,"snow tile, pixel art, top-down"
tile_1652.png,"snow tile, pixel art, top-down"
tile_1653.png,"stone or rock tile, pixel art, top-down"
tile_1654.png,"stone or rock tile, pixel art, top-down"
tile_1655.png,"stone or rock tile, pixel art, top-down"
tile_1656.png,"sand tile, pixel art, top-down"
tile_1657.png,"sand tile, pixel art, top-down"
tile_1658.png,"sand tile, pixel art, top-down"
tile_1659.png,"sand tile, pixel art, top-down"
tile_166.png,"snow tile, pixel art, top-down"
tile_1660.png,"sand tile, pixel art, top-down"
tile_1661.png,"sand tile, pixel art, top-down"
tile_1662.png,"stone or rock tile, pixel art, top-down"
tile_1663.png,"stone or rock tile, pixel art, top-down"
tile_1664.png,"stone or rock tile, pixel art, top-down"
tile_1665.png,"dirt or wood tile, pixel art, top-down"
tile_1666.png,"dirt or wood tile, pixel art, top-down"
tile_1667.png,"dirt or wood tile, pixel art, top-down"
tile_1668.png,"stone or rock tile, pixel art, top-down"
tile_1669.png,"stone or rock tile, pixel art, top-down"
tile_167.png,"snow tile, pixel art, top-down"
tile_1670.png,"stone or rock tile, pixel art, top-down"
tile_1671.png,"dirt or wood tile, pixel art, top-down"
tile_1672.png,"dirt or wood tile, pixel art, top-down"
tile_1673.png,"dirt or wood tile, pixel art, top-down"
tile_1674.png,"dirt or wood tile, pixel art, top-down"
tile_1675.png,"dirt or wood tile, pixel art, top-down"
tile_1676.png,"dirt or wood tile, pixel art, top-down"
tile_1677.png,"sand tile, pixel art, top-down"
tile_1678.png,"sand tile, pixel art, top-down"
tile_1679.png,"sand tile, pixel art, top-down"
tile_168.png,"snow tile, pixel art, top-down"
tile_1680.png,"sand tile, pixel art, top-down"
tile_1681.png,"sand tile, pixel art, top-down"
tile_1682.png,"sand tile, pixel art, top-down"
tile_1683.png,"snow tile, pixel art, top-down"
tile_1684.png,"snow tile, pixel art, top-down"
tile_1685.png,"snow tile, pixel art, top-down"
tile_1686.png,"snow tile, pixel art, top-down"
tile_1687.png,"snow tile, pixel art, top-down"
tile_1688.png,"snow tile, pixel art, top-down"
tile_1689.png,"snow tile, pixel art, top-down"
tile_169.png,"snow tile, pixel art, top-down"
tile_1690.png,"snow tile, pixel art, top-down"
tile_1691.png,"snow tile, pixel art, top-down"
tile_1692.png,"snow tile, pixel art, top-down"
tile_1693.png,"snow tile, pixel art, top-down"
tile_1694.png,"stone or rock tile, pixel art, top-down"
tile_1695.png,"stone or rock tile, pixel art, top-down"
tile_1696.png,"stone or rock tile, pixel art, top-down"
tile_1697.png,"dirt or wood tile, pixel art, top-down"
tile_1698.png,"dirt or wood tile, pixel art, top-down"
tile_1699.png,"dirt or wood tile, pixel art, top-down"
tile_170.png,"snow tile, pixel art, top-down"
tile_1700.png,"water tile, pixel art, top-down"
tile_1701.png,"water tile, pixel art, top-down"
tile_1702.png,"water tile, pixel art, top-down"
tile_1703.png,"snow tile, pixel art, top-down"
tile_1704.png,"snow tile, pixel art, top-down"
tile_1705.png,"snow tile, pixel art, top-down"
tile_1706.png,"snow tile, pixel art, top-down"
tile_1707.png,"snow tile, pixel art, top-down"
tile_1708.png,"snow tile, pixel art, top-down"
tile_1709.png,"snow tile, pixel art, top-down"
tile_171.png,"water tile, pixel art, top-down"
tile_1710.png,"stone or rock tile, pixel art, top-down"
tile_1711.png,"stone or rock tile, pixel art, top-down"
tile_1712.png,"stone or rock tile, pixel art, top-down"
tile_1713.png,"sand tile, pixel art, top-down"
tile_1714.png,"sand tile, pixel art, top-down"
tile_1715.png,"sand tile, pixel art, top-down"
tile_1716.png,"sand tile, pixel art, top-down"
tile_1717.png,"sand tile, pixel art, top-down"
tile_1718.png,"sand tile, pixel art, top-down"
tile_1719.png,"stone or rock tile, pixel art, top-down"
tile_172.png,"water tile, pixel art, top-down"
tile_1720.png,"stone or rock tile, pixel art, top-down"
tile_1721.png,"stone or rock tile, pixel art, top-down"
tile_1722.png,"dirt or wood tile, pixel art, top-down"
tile_1723.png,"dirt or wood tile, pixel art, top-down"
tile_1724.png,"dirt or wood tile, pixel art, top-down"
tile_1725.png,"stone or rock tile, pixel art, top-down"
tile_1726.png,"stone or rock tile, pixel art, top-down"
tile_1727.png,"stone or rock tile, pixel art, top-down"
tile_1728.png,"stone or rock tile, pixel art, top-down"
tile_1729.png,"stone or rock tile, pixel art, top-down"
tile_173.png,"water tile, pixel art, top-down"
tile_1730.png,"stone or rock tile, pixel art, top-down"
tile_1731.png,"stone or rock tile, pixel art, top-down"
tile_1732.png,"stone or rock tile, pixel art, top-down"
tile_1733.png,"stone or rock tile, pixel art, top-down"
tile_1734.png,"sand tile, pixel art, top-down"
tile_1735.png,"sand tile, pixel art, top-down"
tile_1736.png,"sand tile, pixel art, top-down"
tile_1737.png,"sand tile, pixel art, top-down"
tile_1738.png,"sand tile, pixel art, top-down"
tile_1739.png,"sand tile, pixel art, top-down"
tile_174.png,"water tile, pixel art, top-down"
tile_1740.png,"snow tile, pixel art, top-down"
tile_1741.png,"snow tile, pixel art, top-down"
tile_1742.png,"snow tile, pixel art, top-down"
tile_1743.png,"snow tile, pixel art, top-down"
tile_1744.png,"snow tile, pixel art, top-down"
tile_1745.png,"snow tile, pixel art, top-down"
tile_1746.png,"snow tile, pixel art, top-down"
tile_1747.png,"snow tile, pixel art, top-down"
tile_1748.png,"snow tile, pixel art, top-down"
tile_1749.png,"snow tile, pixel art, top-down"
tile_175.png,"water tile, pixel art, top-down"
tile_1750.png,"snow tile, pixel art, top-down"
tile_1751.png,"stone or rock tile, pixel art, top-down"
tile_1752.png,"stone or rock tile, pixel art, top-down"
tile_1753.png,"stone or rock tile, pixel art, top-down"
tile_1754.png,"dirt or wood tile, pixel art, top-down"
tile_1755.png,"dirt or wood tile, pixel art, top-down"
tile_1756.png,"dirt or wood tile, pixel art, top-down"
tile_1757.png,"water tile, pixel art, top-down"
tile_1758.png,"water tile, pixel art, top-down"
tile_1759.png,"water tile, pixel art, top-down"
tile_176.png,"stone or rock tile, pixel art, top-down"
tile_1760.png,"snow tile, pixel art, top-down"
tile_1761.png,"snow tile, pixel art, top-down"
tile_1762.png,"snow tile, pixel art, top-down"
tile_1763.png,"snow tile, pixel art, top-down"
tile_1764.png,"snow tile, pixel art, top-down"
tile_1765.png,"snow tile, pixel art, top-down"
tile_1766.png,"snow tile, pixel art, top-down"
tile_177.png,"sand tile, pixel art, top-down"
tile_178.png,"sand tile, pixel art, top-down"
tile_179.png,"dirt or wood tile, pixel art, top-down"
tile_180.png,"dirt or wood tile, pixel art, top-down"
tile_181.png,"snow tile, pixel art, top-down"
tile_182.png,"snow tile, pixel art, top-down"
tile_183.png,"stone or rock tile, pixel art, top-down"
tile_184.png,"stone or rock tile, pixel art, top-down"
tile_185.png,"sand tile, pixel art, top-down"
tile_186.png,"snow tile, pixel art, top-down"
tile_187.png,"stone or rock tile, pixel art, top-down"
tile_188.png,"sand tile, pixel art, top-down"
tile_189.png,"snow tile, pixel art, top-down"
tile_190.png,"snow tile, pixel art, top-down"
tile_191.png,"snow tile, pixel art, top-down"
tile_192.png,"snow tile, pixel art, top-down"
tile_193.png,"snow tile, pixel art, top-down"
tile_194.png,"snow tile, pixel art, top-down"
tile_195.png,"snow tile, pixel art, top-down"
tile_196.png,"snow tile, pixel art, top-down"
tile_197.png,"snow tile, pixel art, top-down"
tile_198.png,"snow tile, pixel art, top-down"
tile_199.png,"stone or rock tile, pixel art, top-down"
tile_200.png,"snow tile, pixel art, top-down"
tile_201.png,"snow tile, pixel art, top-down"
tile_202.png,"snow tile, pixel art, top-down"
tile_203.png,"stone or rock tile, pixel art, top-down"
tile_204.png,"stone or rock tile, pixel art, top-down"
tile_205.png,"stone or rock tile, pixel art, top-down"
tile_206.png,"stone or rock tile, pixel art, top-down"
tile_207.png,"stone or rock tile, pixel art, top-down"
tile_208.png,"dark floor tile, pixel art, top-down"
tile_209.png,"stone or rock tile, pixel art, top-down"
tile_210.png,"stone or rock tile, pixel art, top-down"
tile_211.png,"snow tile, pixel art, top-down"
tile_212.png,"snow tile, pixel art, top-down"
tile_213.png,"snow tile, pixel art, top-down"
tile_214.png,"snow tile, pixel art, top-down"
tile_215.png,"dark floor tile, pixel art, top-down"
tile_216.png,"stone or rock tile, pixel art, top-down"
tile_217.png,"stone or rock tile, pixel art, top-down"
tile_218.png,"stone or rock tile, pixel art, top-down"
tile_219.png,"snow tile, pixel art, top-down"
tile_220.png,"water tile, pixel art, top-down"
tile_221.png,"water tile, pixel art, top-down"
tile_222.png,"snow tile, pixel art, top-down"
tile_223.png,"snow tile, pixel art, top-down"
tile_224.png,"snow tile, pixel art, top-down"
tile_225.png,"dirt or wood tile, pixel art, top-down"
tile_226.png,"stone or rock tile, pixel art, top-down"
tile_227.png,"stone or rock tile, pixel art, top-down"
tile_228.png,"water tile, pixel art, top-down"
tile_229.png,"water tile, pixel art, top-down"
tile_230.png,"water tile, pixel art, top-down"
tile_231.png,"water tile, pixel art, top-down"
tile_232.png,"water tile, pixel art, top-down"
tile_233.png,"stone or rock tile, pixel art, top-down"
tile_234.png,"stone or rock tile, pixel art, top-down"
tile_235.png,"stone or rock tile, pixel art, top-down"
tile_236.png,"stone or rock tile, pixel art, top-down"
tile_237.png,"stone or rock tile, pixel art, top-down"
tile_238.png,"snow tile, pixel art, top-down"
tile_239.png,"snow tile, pixel art, top-down"
tile_240.png,"snow tile, pixel art, top-down"
tile_241.png,"snow tile, pixel art, top-down"
tile_242.png,"snow tile, pixel art, top-down"
tile_243.png,"dirt or wood tile, pixel art, top-down"
tile_244.png,"stone or rock tile, pixel art, top-down"
tile_245.png,"snow tile, pixel art, top-down"
tile_246.png,"snow tile, pixel art, top-down"
tile_247.png,"snow tile, pixel art, top-down"
tile_248.png,"snow tile, pixel art, top-down"
tile_249.png,"snow tile, pixel art, top-down"
tile_250.png,"snow tile, pixel art, top-down"
tile_251.png,"snow tile, pixel art, top-down"
tile_252.png,"snow tile, pixel art, top-down"
tile_253.png,"snow tile, pixel art, top-down"
tile_254.png,"snow tile, pixel art, top-down"
tile_255.png,"snow tile, pixel art, top-down"
tile_256.png,"stone or rock tile, pixel art, top-down"
tile_257.png,"stone or rock tile, pixel art, top-down"
tile_258.png,"stone or rock tile, pixel art, top-down"
tile_259.png,"snow tile, pixel art, top-down"
tile_260.png,"dark floor tile, pixel art, top-down"
tile_261.png,"dark floor tile, pixel art, top-down"
tile_262.png,"dark floor tile, pixel art, top-down"
tile_263.png,"dark floor tile, pixel art, top-down"
tile_264.png,"stone or rock tile, pixel art, top-down"
tile_265.png,"dark floor tile, pixel art, top-down"
tile_266.png,"snow tile, pixel art, top-down"
tile_267.png,"snow tile, pixel art, top-down"
tile_268.png,"snow tile, pixel art, top-down"
tile_269.png,"snow tile, pixel art, top-down"
tile_270.png,"snow tile, pixel art, top-down"
tile_271.png,"snow tile, pixel art, top-down"
tile_272.png,"snow tile, pixel art, top-down"
tile_273.png,"snow tile, pixel art, top-down"
tile_274.png,"snow tile, pixel art, top-down"
tile_275.png,"snow tile, pixel art, top-down"
tile_276.png,"snow tile, pixel art, top-down"
tile_277.png,"water tile, pixel art, top-down"
tile_278.png,"water tile, pixel art, top-down"
tile_279.png,"snow tile, pixel art, top-down"
tile_280.png,"snow tile, pixel art, top-down"
tile_281.png,"snow tile, pixel art, top-down"
tile_282.png,"snow tile, pixel art, top-down"
tile_283.png,"snow tile, pixel art, top-down"
tile_284.png,"snow tile, pixel art, top-down"
tile_285.png,"snow tile, pixel art, top-down"
tile_286.png,"snow tile, pixel art, top-down"
tile_287.png,"water tile, pixel art, top-down"
tile_288.png,"water tile, pixel art, top-down"
tile_289.png,"water tile, pixel art, top-down"
tile_290.png,"dirt or wood tile, pixel art, top-down"
tile_291.png,"dirt or wood tile, pixel art, top-down"
tile_292.png,"dirt or wood tile, pixel art, top-down"
tile_293.png,"dirt or wood tile, pixel art, top-down"
tile_294.png,"dirt or wood tile, pixel art, top-down"
tile_295.png,"snow tile, pixel art, top-down"
tile_296.png,"snow tile, pixel art, top-down"
tile_297.png,"snow tile, pixel art, top-down"
tile_298.png,"snow tile, pixel art, top-down"
tile_299.png,"snow tile, pixel art, top-down"
tile_300.png,"snow tile, pixel art, top-down"
tile_301.png,"snow tile, pixel art, top-down"
tile_302.png,"snow tile, pixel art, top-down"
tile_303.png,"snow tile, pixel art, top-down"
tile_304.png,"snow tile, pixel art, top-down"
tile_305.png,"snow tile, pixel art, top-down"
tile_306.png,"snow tile, pixel art, top-down"
tile_307.png,"snow tile, pixel art, top-down"
tile_308.png,"stone or rock tile, pixel art, top-down"
tile_309.png,"stone or rock tile, pixel art, top-down"
tile_310.png,"snow tile, pixel art, top-down"
tile_311.png,"stone or rock tile, pixel art, top-down"
tile_312.png,"snow tile, pixel art, top-down"
tile_313.png,"snow tile, pixel art, top-down"
tile_314.png,"snow tile, pixel art, top-down"
tile_315.png,"snow tile, pixel art, top-down"
tile_316.png,"snow tile, pixel art, top-down"
tile_317.png,"snow tile, pixel art, top-down"
tile_318.png,"snow tile, pixel art, top-down"
tile_319.png,"snow tile, pixel art, top-down"
tile_320.png,"snow tile, pixel art, top-down"
tile_321.png,"snow tile, pixel art, top-down"
tile_322.png,"snow tile, pixel art, top-down"
tile_323.png,"snow tile, pixel art, top-down"
tile_324.png,"snow tile, pixel art, top-down"
tile_325.png,"stone or rock tile, pixel art, top-down"
tile_326.png,"stone or rock tile, pixel art, top-down"
tile_327.png,"stone or rock tile, pixel art, top-down"
tile_328.png,"stone or rock tile, pixel art, top-down"
tile_329.png,"dirt or wood tile, pixel art, top-down"
tile_330.png,"dirt or wood tile, pixel art, top-down"
tile_331.png,"dirt or wood tile, pixel art, top-down"
tile_332.png,"dirt or wood tile, pixel art, top-down"
tile_333.png,"snow tile, pixel art, top-down"
tile_334.png,"water tile, pixel art, top-down"
tile_335.png,"water tile, pixel art, top-down"
tile_336.png,"snow tile, pixel art, top-down"
tile_337.png,"snow tile, pixel art, top-down"
tile_338.png,"snow tile, pixel art, top-down"
tile_339.png,"dirt or wood tile, pixel art, top-down"
tile_340.png,"stone or rock tile, pixel art, top-down"
tile_341.png,"stone or rock tile, pixel art, top-down"
tile_342.png,"stone or rock tile, pixel art, top-down"
tile_343.png,"stone or rock tile, pixel art, top-down"
tile_344.png,"stone or rock tile, pixel art, top-down"
tile_345.png,"stone or rock tile, pixel art, top-down"
tile_346.png,"stone or rock tile, pixel art, top-down"
tile_347.png,"snow tile, pixel art, top-down"
tile_348.png,"snow tile, pixel art, top-down"
tile_349.png,"snow tile, pixel art, top-down"
tile_350.png,"snow tile, pixel art, top-down"
tile_351.png,"snow tile, pixel art, top-down"
tile_352.png,"snow tile, pixel art, top-down"
tile_353.png,"snow tile, pixel art, top-down"
tile_354.png,"snow tile, pixel art, top-down"
tile_355.png,"snow tile, pixel art, top-down"
tile_356.png,"snow tile, pixel art, top-down"
tile_357.png,"stone or rock tile, pixel art, top-down"
tile_358.png,"stone or rock tile, pixel art, top-down"
tile_359.png,"stone or rock tile, pixel art, top-down"
tile_360.png,"snow tile, pixel art, top-down"
tile_361.png,"snow tile, pixel art, top-down"
tile_362.png,"snow tile, pixel art, top-down"
tile_363.png,"snow tile, pixel art, top-down"
tile_364.png,"snow tile, pixel art, top-down"
tile_365.png,"snow tile, pixel art, top-down"
tile_366.png,"stone or rock tile, pixel art, top-down"
tile_367.png,"snow tile, pixel art, top-down"
tile_368.png,"stone or rock tile, pixel art, top-down"
tile_369.png,"snow tile, pixel art, top-down"
tile_370.png,"snow tile, pixel art, top-down"
tile_371.png,"snow tile, pixel art, top-down"
tile_372.png,"snow tile, pixel art, top-down"
tile_373.png,"snow tile, pixel art, top-down"
tile_374.png,"snow tile, pixel art, top-down"
tile_375.png,"snow tile, pixel art, top-down"
tile_376.png,"snow tile, pixel art, top-down"
tile_377.png,"snow tile, pixel art, top-down"
tile_378.png,"snow tile, pixel art, top-down"
tile_379.png,"snow tile, pixel art, top-down"
tile_380.png,"snow tile, pixel art, top-down"
tile_381.png,"snow tile, pixel art, top-down"
tile_382.png,"stone or rock tile, pixel art, top-down"
tile_383.png,"stone or rock tile, pixel art, top-down"
tile_384.png,"stone or rock tile, pixel art, top-down"
tile_385.png,"stone or rock tile, pixel art, top-down"
tile_386.png,"dirt or wood tile, pixel art, top-down"
tile_387.png,"dirt or wood tile, pixel art, top-down"
tile_388.png,"dirt or wood tile, pixel art, top-down"
tile_389.png,"dirt or wood tile, pixel art, top-down"
tile_390.png,"snow tile, pixel art, top-down"
tile_391.png,"stone or rock tile, pixel art, top-down"
tile_392.png,"stone or rock tile, pixel art, top-down"
tile_393.png,"snow tile, pixel art, top-down"
tile_394.png,"snow tile, pixel art, top-down"
tile_395.png,"snow tile, pixel art, top-down"
tile_396.png,"snow tile, pixel art, top-down"
tile_397.png,"snow tile, pixel art, top-down"
tile_398.png,"snow tile, pixel art, top-down"
tile_399.png,"stone or rock tile, pixel art, top-down"
tile_400.png,"stone or rock tile, pixel art, top-down"
tile_401.png,"stone or rock tile, pixel art, top-down"
tile_402.png,"stone or rock tile, pixel art, top-down"
tile_403.png,"stone or rock tile, pixel art, top-down"
tile_404.png,"dirt or wood tile, pixel art, top-down"
tile_405.png,"dirt or wood tile, pixel art, top-down"
tile_406.png,"dirt or wood tile, pixel art, top-down"
tile_407.png,"dirt or wood tile, pixel art, top-down"
tile_408.png,"dirt or wood tile, pixel art, top-down"
tile_409.png,"stone or rock tile, pixel art, top-down"
tile_410.png,"stone or rock tile, pixel art, top-down"
tile_411.png,"stone or rock tile, pixel art, top-down"
tile_412.png,"snow tile, pixel art, top-down"
tile_413.png,"snow tile, pixel art, top-down"
tile_414.png,"snow tile, pixel art, top-down"
tile_415.png,"snow tile, pixel art, top-down"
tile_416.png,"snow tile, pixel art, top-down"
tile_417.png,"snow tile, pixel art, top-down"
tile_418.png,"snow tile, pixel art, top-down"
tile_419.png,"snow tile, pixel art, top-down"
tile_420.png,"snow tile, pixel art, top-down"
tile_421.png,"snow tile, pixel art, top-down"
tile_422.png,"snow tile, pixel art, top-down"
tile_423.png,"snow tile, pixel art, top-down"
tile_424.png,"snow tile, pixel art, top-down"
tile_425.png,"snow tile, pixel art, top-down"
tile_426.png,"snow tile, pixel art, top-down"
tile_427.png,"snow tile, pixel art, top-down"
tile_428.png,"snow tile, pixel art, top-down"
tile_429.png,"snow tile, pixel art, top-down"
tile_430.png,"snow tile, pixel art, top-down"
tile_431.png,"snow tile, pixel art, top-down"
tile_432.png,"snow tile, pixel art, top-down"
tile_433.png,"snow tile, pixel art, top-down"
tile_434.png,"snow tile, pixel art, top-down"
tile_435.png,"snow tile, pixel art, top-down"
tile_436.png,"snow tile, pixel art, top-down"
tile_437.png,"snow tile, pixel art, top-down"
tile_438.png,"snow tile, pixel art, top-down"
tile_439.png,"snow tile, pixel art, top-down"
tile_440.png,"stone or rock tile, pixel art, top-down"
tile_441.png,"snow tile, pixel art, top-down"
tile_442.png,"stone or rock tile, pixel art, top-down"
tile_443.png,"snow tile, pixel art, top-down"
tile_444.png,"dirt or wood tile, pixel art, top-down"
tile_445.png,"snow tile, pixel art, top-down"
tile_446.png,"dirt or wood tile, pixel art, top-down"
tile_447.png,"snow tile, pixel art, top-down"
tile_448.png,"stone or rock tile, pixel art, top-down"
tile_449.png,"stone or rock tile, pixel art, top-down"
tile_450.png,"snow tile, pixel art, top-down"
tile_451.png,"snow tile, pixel art, top-down"
tile_452.png,"snow tile, pixel art, top-down"
tile_453.png,"snow tile, pixel art, top-down"
tile_454.png,"snow tile, pixel art, top-down"
tile_455.png,"snow tile, pixel art, top-down"
tile_456.png,"snow tile, pixel art, top-down"
tile_457.png,"snow tile, pixel art, top-down"
tile_458.png,"stone or rock tile, pixel art, top-down"
tile_459.png,"stone or rock tile, pixel art, top-down"
tile_460.png,"stone or rock tile, pixel art, top-down"
tile_461.png,"dirt or wood tile, pixel art, top-down"
tile_462.png,"dirt or wood tile, pixel art, top-down"
tile_463.png,"dirt or wood tile, pixel art, top-down"
tile_464.png,"dirt or wood tile, pixel art, top-down"
tile_465.png,"dirt or wood tile, pixel art, top-down"
tile_466.png,"stone or rock tile, pixel art, top-down"
tile_467.png,"stone or rock tile, pixel art, top-down"
tile_468.png,"stone or rock tile, pixel art, top-down"
tile_469.png,"snow tile, pixel art, top-down"
tile_470.png,"snow tile, pixel art, top-down"
tile_471.png,"snow tile, pixel art, top-down"
tile_472.png,"snow tile, pixel art, top-down"
tile_473.png,"snow tile, pixel art, top-down"
tile_474.png,"snow tile, pixel art, top-down"
tile_475.png,"snow tile, pixel art, top-down"
tile_476.png,"snow tile, pixel art, top-down"
tile_477.png,"snow tile, pixel art, top-down"
tile_478.png,"snow tile, pixel art, top-down"
tile_479.png,"snow tile, pixel art, top-down"
tile_480.png,"snow tile, pixel art, top-down"
tile_481.png,"snow tile, pixel art, top-down"
tile_482.png,"snow tile, pixel art, top-down"
tile_483.png,"snow tile, pixel art, top-down"
tile_484.png,"snow tile, pixel art, top-down"
tile_485.png,"dark floor tile, pixel art, top-down"
tile_486.png,"snow tile, pixel art, top-down"
tile_487.png,"dark floor tile, pixel art, top-down"
tile_488.png,"snow tile, pixel art, top-down"
tile_489.png,"dark floor tile, pixel art, top-down"
tile_490.png,"snow tile, pixel art, top-down"
tile_491.png,"dark floor tile, pixel art, top-down"
tile_492.png,"snow tile, pixel art, top-down"
tile_493.png,"snow tile, pixel art, top-down"
tile_494.png,"snow tile, pixel art, top-down"
tile_495.png,"dirt or wood tile, pixel art, top-down"
tile_496.png,"snow tile, pixel art, top-down"
tile_497.png,"snow tile, pixel art, top-down"
tile_498.png,"snow tile, pixel art, top-down"
tile_499.png,"snow tile, pixel art, top-down"
tile_500.png,"snow tile, pixel art, top-down"
tile_501.png,"snow tile, pixel art, top-down"
tile_502.png,"snow tile, pixel art, top-down"
tile_503.png,"snow tile, pixel art, top-down"
tile_504.png,"snow tile, pixel art, top-down"
tile_505.png,"stone or rock tile, pixel art, top-down"
tile_506.png,"stone or rock tile, pixel art, top-down"
tile_507.png,"snow tile, pixel art, top-down"
tile_508.png,"snow tile, pixel art, top-down"
tile_509.png,"snow tile, pixel art, top-down"
tile_510.png,"snow tile, pixel art, top-down"
tile_511.png,"snow tile, pixel art, top-down"
tile_512.png,"snow tile, pixel art, top-down"
tile_513.png,"stone or rock tile, pixel art, top-down"
tile_514.png,"stone or rock tile, pixel art, top-down"
tile_515.png,"stone or rock tile, pixel art, top-down"
tile_516.png,"stone or rock tile, pixel art, top-down"
tile_517.png,"stone or rock tile, pixel art, top-down"
tile_518.png,"dirt or wood tile, pixel art, top-down"
tile_519.png,"dirt or wood tile, pixel art, top-down"
tile_520.png,"dirt or wood tile, pixel art, top-down"
tile_521.png,"dirt or wood tile, pixel art, top-down"
tile_522.png,"dirt or wood tile, pixel art, top-down"
tile_523.png,"stone or rock tile, pixel art, top-down"
tile_524.png,"stone or rock tile, pixel art, top-down"
tile_525.png,"stone or rock tile, pixel art, top-down"
tile_526.png,"stone or rock tile, pixel art, top-down"
tile_527.png,"dirt or wood tile, pixel art, top-down"
tile_528.png,"stone or rock tile, pixel art, top-down"
tile_529.png,"snow tile, pixel art, top-down"
tile_530.png,"snow tile, pixel art, top-down"
tile_531.png,"snow tile, pixel art, top-down"
tile_532.png,"stone or rock tile, pixel art, top-down"
tile_533.png,"dirt or wood tile, pixel art, top-down"
tile_534.png,"stone or rock tile, pixel art, top-down"
tile_535.png,"snow tile, pixel art, top-down"
tile_536.png,"stone or rock tile, pixel art, top-down"
tile_537.png,"stone or rock tile, pixel art, top-down"
tile_538.png,"snow tile, pixel art, top-down"
tile_539.png,"snow tile, pixel art, top-down"
tile_540.png,"snow tile, pixel art, top-down"
tile_541.png,"snow tile, pixel art, top-down"
tile_542.png,"snow tile, pixel art, top-down"
tile_543.png,"snow tile, pixel art, top-down"
tile_544.png,"snow tile, pixel art, top-down"
tile_545.png,"snow tile, pixel art, top-down"
tile_546.png,"snow tile, pixel art, top-down"
tile_547.png,"snow tile, pixel art, top-down"
tile_548.png,"snow tile, pixel art, top-down"
tile_549.png,"snow tile, pixel art, top-down"
tile_550.png,"stone or rock tile, pixel art, top-down"
tile_551.png,"snow tile, pixel art, top-down"
tile_552.png,"snow tile, pixel art, top-down"
tile_553.png,"snow tile, pixel art, top-down"
tile_554.png,"snow tile, pixel art, top-down"
tile_555.png,"snow tile, pixel art, top-down"
tile_556.png,"snow tile, pixel art, top-down"
tile_557.png,"snow tile, pixel art, top-down"
tile_558.png,"snow tile, pixel art, top-down"
tile_559.png,"snow tile, pixel art, top-down"
tile_560.png,"snow tile, pixel art, top-down"
tile_561.png,"snow tile, pixel art, top-down"
tile_562.png,"snow tile, pixel art, top-down"
tile_563.png,"snow tile, pixel art, top-down"
tile_564.png,"snow tile, pixel art, top-down"
tile_565.png,"snow tile, pixel art, top-down"
tile_566.png,"snow tile, pixel art, top-down"
tile_567.png,"snow tile, pixel art, top-down"
tile_568.png,"snow tile, pixel art, top-down"
tile_569.png,"snow tile, pixel art, top-down"
tile_570.png,"stone or rock tile, pixel art, top-down"
tile_571.png,"stone or rock tile, pixel art, top-down"
tile_572.png,"stone or rock tile, pixel art, top-down"
tile_573.png,"stone or rock tile, pixel art, top-down"
tile_574.png,"stone or rock tile, pixel art, top-down"
tile_575.png,"dirt or wood tile, pixel art, top-down"
tile_576.png,"dirt or wood tile, pixel art, top-down"
tile_577.png,"dirt or wood tile, pixel art, top-down"
tile_578.png,"dirt or wood tile, pixel art, top-down"
tile_579.png,"dirt or wood tile, pixel art, top-down"
tile_580.png,"stone or rock tile, pixel art, top-down"
tile_581.png,"stone or rock tile, pixel art, top-down"
tile_582.png,"stone or rock tile, pixel art, top-down"
tile_583.png,"stone or rock tile, pixel art, top-down"
tile_584.png,"dirt or wood tile, pixel art, top-down"
tile_585.png,"stone or rock tile, pixel art, top-down"
tile_586.png,"snow tile, pixel art, top-down"
tile_587.png,"snow tile, pixel art, top-down"
tile_588.png,"snow tile, pixel art, top-down"
tile_589.png,"snow tile, pixel art, top-down"
tile_590.png,"snow tile, pixel art, top-down"
tile_591.png,"snow tile, pixel art, top-down"
tile_592.png,"snow tile, pixel art, top-down"
tile_593.png,"stone or rock tile, pixel art, top-down"
tile_594.png,"stone or rock tile, pixel art, top-down"
tile_595.png,"snow tile, pixel art, top-down"
tile_596.png,"stone or rock tile, pixel art, top-down"
tile_597.png,"snow tile, pixel art, top-down"
tile_598.png,"snow tile, pixel art, top-down"
tile_599.png,"snow tile, pixel art, top-down"
tile_600.png,"snow tile, pixel art, top-down"
tile_601.png,"snow tile, pixel art, top-down"
tile_602.png,"stone or rock tile, pixel art, top-down"
tile_603.png,"snow tile, pixel art, top-down"
tile_604.png,"snow tile, pixel art, top-down"
tile_605.png,"stone or rock tile, pixel art, top-down"
tile_606.png,"stone or rock tile, pixel art, top-down"
tile_607.png,"snow tile, pixel art, top-down"
tile_608.png,"snow tile, pixel art, top-down"
tile_609.png,"snow tile, pixel art, top-down"
tile_610.png,"snow tile, pixel art, top-down"
tile_611.png,"snow tile, pixel art, top-down"
tile_612.png,"sand tile, pixel art, top-down"
tile_613.png,"snow tile, pixel art, top-down"
tile_614.png,"snow tile, pixel art, top-down"
tile_615.png,"snow tile, pixel art, top-down"
tile_616.png,"snow tile, pixel art, top-down"
tile_617.png,"snow tile, pixel art, top-down"
tile_618.png,"snow tile, pixel art, top-down"
tile_619.png,"snow tile, pixel art, top-down"
tile_620.png,"snow tile, pixel art, top-down"
tile_621.png,"snow tile, pixel art, top-down"
tile_622.png,"snow tile, pixel art, top-down"
tile_623.png,"snow tile, pixel art, top-down"
tile_624.png,"dark floor tile, pixel art, top-down"
tile_625.png,"dark floor tile, pixel art, top-down"
tile_626.png,"snow tile, pixel art, top-down"
tile_627.png,"snow tile, pixel art, top-down"
tile_628.png,"snow tile, pixel art, top-down"
tile_629.png,"stone or rock tile, pixel art, top-down"
tile_630.png,"stone or rock tile, pixel art, top-down"
tile_631.png,"stone or rock tile, pixel art, top-down"
tile_632.png,"dirt or wood tile, pixel art, top-down"
tile_633.png,"dirt or wood tile, pixel art, top-down"
tile_634.png,"dirt or wood tile, pixel art, top-down"
tile_635.png,"dirt or wood tile, pixel art, top-down"
tile_636.png,"dirt or wood tile, pixel art, top-down"
tile_637.png,"stone or rock tile, pixel art, top-down"
tile_638.png,"stone or rock tile, pixel art, top-down"
tile_639.png,"stone or rock tile, pixel art, top-down"
tile_640.png,"stone or rock tile, pixel art, top-down"
tile_641.png,"dirt or wood tile, pixel art, top-down"
tile_642.png,"stone or rock tile, pixel art, top-down"
tile_643.png,"stone or rock tile, pixel art, top-down"
tile_644.png,"dirt or wood tile, pixel art, top-down"
tile_645.png,"stone or rock tile, pixel art, top-down"
tile_646.png,"snow tile, pixel art, top-down"
tile_647.png,"snow tile, pixel art, top-down"
tile_648.png,"snow tile, pixel art, top-down"
tile_649.png,"snow tile, pixel art, top-down"
tile_650.png,"stone or rock tile, pixel art, top-down"
tile_651.png,"stone or rock tile, pixel art, top-down"
tile_652.png,"snow tile, pixel art, top-down"
tile_653.png,"snow tile, pixel art, top-down"
tile_654.png,"snow tile, pixel art, top-down"
tile_655.png,"snow tile, pixel art, top-down"
tile_656.png,"snow tile, pixel art, top-down"
tile_657.png,"snow tile, pixel art, top-down"
tile_658.png,"snow tile, pixel art, top-down"
tile_659.png,"stone or rock tile, pixel art, top-down"
tile_660.png,"snow tile, pixel art, top-down"
tile_661.png,"snow tile, pixel art, top-down"
tile_662.png,"stone or rock tile, pixel art, top-down"
tile_663.png,"stone or rock tile, pixel art, top-down"
tile_664.png,"snow tile, pixel art, top-down"
tile_665.png,"stone or rock tile, pixel art, top-down"
tile_666.png,"snow tile, pixel art, top-down"
tile_667.png,"snow tile, pixel art, top-down"
tile_668.png,"snow tile, pixel art, top-down"
tile_669.png,"snow tile, pixel art, top-down"
tile_670.png,"sand tile, pixel art, top-down"
tile_671.png,"snow tile, pixel art, top-down"
tile_672.png,"snow tile, pixel art, top-down"
tile_673.png,"stone or rock tile, pixel art, top-down"
tile_674.png,"stone or rock tile, pixel art, top-down"
tile_675.png,"sand tile, pixel art, top-down"
tile_676.png,"sand tile, pixel art, top-down"
tile_677.png,"sand tile, pixel art, top-down"
tile_678.png,"snow tile, pixel art, top-down"
tile_679.png,"snow tile, pixel art, top-down"
tile_680.png,"snow tile, pixel art, top-down"
tile_681.png,"snow tile, pixel art, top-down"
tile_682.png,"snow tile, pixel art, top-down"
tile_683.png,"snow tile, pixel art, top-down"
tile_684.png,"stone or rock tile, pixel art, top-down"
tile_685.png,"stone or rock tile, pixel art, top-down"
tile_686.png,"stone or rock tile, pixel art, top-down"
tile_687.png,"stone or rock tile, pixel art, top-down"
tile_688.png,"stone or rock tile, pixel art, top-down"
tile_689.png,"dirt or wood tile, pixel art, top-down"
tile_690.png,"dirt or wood tile, pixel art, top-down"
tile_691.png,"dirt or wood tile, pixel art, top-down"
tile_692.png,"dirt or wood tile, pixel art, top-down"
tile_693.png,"snow tile, pixel art, top-down"
tile_694.png,"stone or rock tile, pixel art, top-down"
tile_695.png,"stone or rock tile, pixel art, top-down"
tile_696.png,"stone or rock tile, pixel art, top-down"
tile_697.png,"stone or rock tile, pixel art, top-down"
tile_698.png,"stone or rock tile, pixel art, top-down"
tile_699.png,"stone or rock tile, pixel art, top-down"
tile_700.png,"stone or rock tile, pixel art, top-down"
tile_701.png,"stone or rock tile, pixel art, top-down"
tile_702.png,"stone or rock tile, pixel art, top-down"
tile_703.png,"stone or rock tile, pixel art, top-down"
tile_704.png,"stone or rock tile, pixel art, top-down"
tile_705.png,"stone or rock tile, pixel art, top-down"
tile_706.png,"stone or rock tile, pixel art, top-down"
tile_707.png,"stone or rock tile, pixel art, top-down"
tile_708.png,"stone or rock tile, pixel art, top-down"
tile_709.png,"stone or rock tile, pixel art, top-down"
tile_710.png,"stone or rock tile, pixel art, top-down"
tile_711.png,"stone or rock tile, pixel art, top-down"
tile_712.png,"stone or rock tile, pixel art, top-down"
tile_713.png,"stone or rock tile, pixel art, top-down"
tile_714.png,"stone or rock tile, pixel art, top-down"
tile_715.png,"stone or rock tile, pixel art, top-down"
tile_716.png,"stone or rock tile, pixel art, top-down"
tile_717.png,"stone or rock tile, pixel art, top-down"
tile_718.png,"dirt or wood tile, pixel art, top-down"
tile_719.png,"dirt or wood tile, pixel art, top-down"
tile_720.png,"dirt or wood tile, pixel art, top-down"
tile_721.png,"dirt or wood tile, pixel art, top-down"
tile_722.png,"dirt or wood tile, pixel art, top-down"
tile_723.png,"dirt or wood tile, pixel art, top-down"
tile_724.png,"dirt or wood tile, pixel art, top-down"
tile_725.png,"snow tile, pixel art, top-down"
tile_726.png,"dirt or wood tile, pixel art, top-down"
tile_727.png,"dirt or wood tile, pixel art, top-down"
tile_728.png,"stone or rock tile, pixel art, top-down"
tile_729.png,"stone or rock tile, pixel art, top-down"
tile_730.png,"stone or rock tile, pixel art, top-down"
tile_731.png,"stone or rock tile, pixel art, top-down"
tile_732.png,"stone or rock tile, pixel art, top-down"
tile_733.png,"stone or rock tile, pixel art, top-down"
tile_734.png,"stone or rock tile, pixel art, top-down"
tile_735.png,"snow tile, pixel art, top-down"
tile_736.png,"snow tile, pixel art, top-down"
tile_737.png,"stone or rock tile, pixel art, top-down"
tile_738.png,"snow tile, pixel art, top-down"
tile_739.png,"snow tile, pixel art, top-down"
tile_740.png,"snow tile, pixel art, top-down"
tile_741.png,"stone or rock tile, pixel art, top-down"
tile_742.png,"stone or rock tile, pixel art, top-down"
tile_743.png,"stone or rock tile, pixel art, top-down"
tile_744.png,"stone or rock tile, pixel art, top-down"
tile_745.png,"stone or rock tile, pixel art, top-down"
tile_746.png,"stone or rock tile, pixel art, top-down"
tile_747.png,"stone or rock tile, pixel art, top-down"
tile_748.png,"stone or rock tile, pixel art, top-down"
tile_749.png,"stone or rock tile, pixel art, top-down"
tile_750.png,"stone or rock tile, pixel art, top-down"
tile_751.png,"dirt or wood tile, pixel art, top-down"
tile_752.png,"dirt or wood tile, pixel art, top-down"
tile_753.png,"dirt or wood tile, pixel art, top-down"
tile_754.png,"stone or rock tile, pixel art, top-down"
tile_755.png,"stone or rock tile, pixel art, top-down"
tile_756.png,"stone or rock tile, pixel art, top-down"
tile_757.png,"stone or rock tile, pixel art, top-down"
tile_758.png,"stone or rock tile, pixel art, top-down"
tile_759.png,"stone or rock tile, pixel art, top-down"
tile_760.png,"stone or rock tile, pixel art, top-down"
tile_761.png,"stone or rock tile, pixel art, top-down"
tile_762.png,"stone or rock tile, pixel art, top-down"
tile_763.png,"stone or rock tile, pixel art, top-down"
tile_764.png,"stone or rock tile, pixel art, top-down"
tile_765.png,"stone or rock tile, pixel art, top-down"
tile_766.png,"stone or rock tile, pixel art, top-down"
tile_767.png,"stone or rock tile, pixel art, top-down"
tile_768.png,"stone or rock tile, pixel art, top-down"
tile_769.png,"stone or rock tile, pixel art, top-down"
tile_770.png,"stone or rock tile, pixel art, top-down"
tile_771.png,"stone or rock tile, pixel art, top-down"
tile_772.png,"stone or rock tile, pixel art, top-down"
tile_773.png,"stone or rock tile, pixel art, top-down"
tile_774.png,"stone or rock tile, pixel art, top-down"
tile_775.png,"dirt or wood tile, pixel art, top-down"
tile_776.png,"dirt or wood tile, pixel art, top-down"
tile_777.png,"dirt or wood tile, pixel art, top-down"
tile_778.png,"dirt or wood tile, pixel art, top-down"
tile_779.png,"dirt or wood tile, pixel art, top-down"
tile_780.png,"dirt or wood tile, pixel art, top-down"
tile_781.png,"dirt or wood tile, pixel art, top-down"
tile_782.png,"snow tile, pixel art, top-down"
tile_783.png,"dirt or wood tile, pixel art, top-down"
tile_784.png,"dirt or wood tile, pixel art, top-down"
tile_785.png,"dirt or wood tile, pixel art, top-down"
tile_786.png,"dirt or wood tile, pixel art, top-down"
tile_787.png,"dirt or wood tile, pixel art, top-down"
tile_788.png,"dirt or wood tile, pixel art, top-down"
tile_789.png,"dirt or wood tile, pixel art, top-down"
tile_790.png,"dirt or wood tile, pixel art, top-down"
tile_791.png,"dirt or wood tile, pixel art, top-down"
tile_792.png,"snow tile, pixel art, top-down"
tile_793.png,"snow tile, pixel art, top-down"
tile_794.png,"stone or rock tile, pixel art, top-down"
tile_795.png,"snow tile, pixel art, top-down"
tile_796.png,"snow tile, pixel art, top-down"
tile_797.png,"snow tile, pixel art, top-down"
tile_798.png,"snow tile, pixel art, top-down"
tile_799.png,"snow tile, pixel art, top-down"
tile_800.png,"stone or rock tile, pixel art, top-down"
tile_801.png,"stone or rock tile, pixel art, top-down"
tile_802.png,"stone or rock tile, pixel art, top-down"
tile_803.png,"stone or rock tile, pixel art, top-down"
tile_804.png,"stone or rock tile, pixel art, top-down"
tile_805.png,"stone or rock tile, pixel art, top-down"
tile_806.png,"stone or rock tile, pixel art, top-down"
tile_807.png,"stone or rock tile, pixel art, top-down"
tile_808.png,"dirt or wood tile, pixel art, top-down"
tile_809.png,"dirt or wood tile, pixel art, top-down"
tile_810.png,"dirt or wood tile, pixel art, top-down"
tile_811.png,"stone or rock tile, pixel art, top-down"
tile_812.png,"sand tile, pixel art, top-down"
tile_813.png,"sand tile, pixel art, top-down"
tile_814.png,"sand tile, pixel art, top-down"
tile_815.png,"sand tile, pixel art, top-down"
tile_816.png,"sand tile, pixel art, top-down"
tile_817.png,"sand tile, pixel art, top-down"
tile_818.png,"stone or rock tile, pixel art, top-down"
tile_819.png,"sand tile, pixel art, top-down"
tile_820.png,"sand tile, pixel art, top-down"
tile_821.png,"sand tile, pixel art, top-down"
tile_822.png,"sand tile, pixel art, top-down"
tile_823.png,"sand tile, pixel art, top-down"
tile_824.png,"sand tile, pixel art, top-down"
tile_825.png,"stone or rock tile, pixel art, top-down"
tile_826.png,"sand tile, pixel art, top-down"
tile_827.png,"sand tile, pixel art, top-down"
tile_828.png,"sand tile, pixel art, top-down"
tile_829.png,"sand tile, pixel art, top-down"
tile_830.png,"sand tile, pixel art, top-down"
tile_831.png,"sand tile, pixel art, top-down"
tile_832.png,"dirt or wood tile, pixel art, top-down"
tile_833.png,"stone or rock tile, pixel art, top-down"
tile_834.png,"stone or rock tile, pixel art, top-down"
tile_835.png,"stone or rock tile, pixel art, top-down"
tile_836.png,"stone or rock tile, pixel art, top-down"
tile_837.png,"stone or rock tile, pixel art, top-down"
tile_838.png,"stone or rock tile, pixel art, top-down"
tile_839.png,"snow tile, pixel art, top-down"
tile_840.png,"dirt or wood tile, pixel art, top-down"
tile_841.png,"stone or rock tile, pixel art, top-down"
tile_842.png,"stone or rock tile, pixel art, top-down"
tile_843.png,"stone or rock tile, pixel art, top-down"
tile_844.png,"stone or rock tile, pixel art, top-down"
tile_845.png,"stone or rock tile, pixel art, top-down"
tile_846.png,"stone or rock tile, pixel art, top-down"
tile_847.png,"stone or rock tile, pixel art, top-down"
tile_848.png,"stone or rock tile, pixel art, top-down"
tile_849.png,"snow tile, pixel art, top-down"
tile_850.png,"snow tile, pixel art, top-down"
tile_851.png,"stone or rock tile, pixel art, top-down"
tile_852.png,"snow tile, pixel art, top-down"
tile_853.png,"snow tile, pixel art, top-down"
tile_854.png,"snow tile, pixel art, top-down"
tile_855.png,"stone or rock tile, pixel art, top-down"
tile_856.png,"stone or rock tile, pixel art, top-down"
tile_857.png,"stone or rock tile, pixel art, top-down"
tile_858.png,"stone or rock tile, pixel art, top-down"
tile_859.png,"stone or rock tile, pixel art, top-down"
tile_860.png,"stone or rock tile, pixel art, top-down"
tile_861.png,"stone or rock tile, pixel art, top-down"
tile_862.png,"stone or rock tile, pixel art, top-down"
tile_863.png,"stone or rock tile, pixel art, top-down"
tile_864.png,"stone or rock tile, pixel art, top-down"
tile_865.png,"dirt or wood tile, pixel art, top-down"
tile_866.png,"dirt or wood tile, pixel art, top-down"
tile_867.png,"dirt or wood tile, pixel art, top-down"
tile_868.png,"sand tile, pixel art, top-down"
tile_869.png,"sand tile, pixel art, top-down"
tile_870.png,"sand tile, pixel art, top-down"
tile_871.png,"sand tile, pixel art, top-down"
tile_872.png,"sand tile, pixel art, top-down"
tile_873.png,"sand tile, pixel art, top-down"
tile_874.png,"sand tile, pixel art, top-down"
tile_875.png,"sand tile, pixel art, top-down"
tile_876.png,"sand tile, pixel art, top-down"
tile_877.png,"sand tile, pixel art, top-down"
tile_878.png,"sand tile, pixel art, top-down"
tile_879.png,"sand tile, pixel art, top-down"
tile_880.png,"sand tile, pixel art, top-down"
tile_881.png,"sand tile, pixel art, top-down"
tile_882.png,"sand tile, pixel art, top-down"
tile_883.png,"sand tile, pixel art, top-down"
tile_884.png,"sand tile, pixel art, top-down"
tile_885.png,"sand tile, pixel art, top-down"
tile_886.png,"sand tile, pixel art, top-down"
tile_887.png,"sand tile, pixel art, top-down"
tile_888.png,"sand tile, pixel art, top-down"
tile_889.png,"stone or rock tile, pixel art, top-down"
tile_890.png,"stone or rock tile, pixel art, top-down"
tile_891.png,"stone or rock tile, pixel art, top-down"
tile_892.png,"stone or rock tile, pixel art, top-down"
tile_893.png,"stone or rock tile, pixel art, top-down"
tile_894.png,"stone or rock tile, pixel art, top-down"
tile_895.png,"stone or rock tile, pixel art, top-down"
tile_896.png,"snow tile, pixel art, top-down"
tile_897.png,"snow tile, pixel art, top-down"
tile_898.png,"snow tile, pixel art, top-down"
tile_899.png,"snow tile, pixel art, top-down"
tile_900.png,"snow tile, pixel art, top-down"
tile_901.png,"snow tile, pixel art, top-down"
tile_902.png,"snow tile, pixel art, top-down"
tile_903.png,"snow tile, pixel art, top-down"
tile_904.png,"snow tile, pixel art, top-down"
tile_905.png,"snow tile, pixel art, top-down"
tile_906.png,"snow tile, pixel art, top-down"
tile_907.png,"snow tile, pixel art, top-down"
tile_908.png,"stone or rock tile, pixel art, top-down"
tile_909.png,"snow tile, pixel art, top-down"
tile_910.png,"snow tile, pixel art, top-down"
tile_911.png,"snow tile, pixel art, top-down"
tile_912.png,"stone or rock tile, pixel art, top-down"
tile_913.png,"stone or rock tile, pixel art, top-down"
tile_914.png,"stone or rock tile, pixel art, top-down"
tile_915.png,"stone or rock tile, pixel art, top-down"
tile_916.png,"stone or rock tile, pixel art, top-down"
tile_917.png,"stone or rock tile, pixel art, top-down"
tile_918.png,"stone or rock tile, pixel art, top-down"
tile_919.png,"stone or rock tile, pixel art, top-down"
tile_920.png,"stone or rock tile, pixel art, top-down"
tile_921.png,"stone or rock tile, pixel art, top-down"
tile_922.png,"stone or rock tile, pixel art, top-down"
tile_923.png,"stone or rock tile, pixel art, top-down"
tile_924.png,"stone or rock tile, pixel art, top-down"
tile_925.png,"sand tile, pixel art, top-down"
tile_926.png,"sand tile, pixel art, top-down"
tile_927.png,"stone or rock tile, pixel art, top-down"
tile_928.png,"sand tile, pixel art, top-down"
tile_929.png,"sand tile, pixel art, top-down"
tile_930.png,"sand tile, pixel art, top-down"
tile_931.png,"sand tile, pixel art, top-down"
tile_932.png,"sand tile, pixel art, top-down"
tile_933.png,"sand tile, pixel art, top-down"
tile_934.png,"stone or rock tile, pixel art, top-down"
tile_935.png,"sand tile, pixel art, top-down"
tile_936.png,"sand tile, pixel art, top-down"
tile_937.png,"sand tile, pixel art, top-down"
tile_938.png,"sand tile, pixel art, top-down"
tile_939.png,"sand tile, pixel art, top-down"
tile_940.png,"sand tile, pixel art, top-down"
tile_941.png,"stone or rock tile, pixel art, top-down"
tile_942.png,"sand tile, pixel art, top-down"
tile_943.png,"sand tile, pixel art, top-down"
tile_944.png,"sand tile, pixel art, top-down"
tile_945.png,"sand tile, pixel art, top-down"
tile_946.png,"stone or rock tile, pixel art, top-down"
tile_947.png,"stone or rock tile, pixel art, top-down"
tile_948.png,"dirt or wood tile, pixel art, top-down"
tile_949.png,"stone or rock tile, pixel art, top-down"
tile_950.png,"stone or rock tile, pixel art, top-down"
tile_951.png,"stone or rock tile, pixel art, top-down"
tile_952.png,"stone or rock tile, pixel art, top-down"
tile_953.png,"snow tile, pixel art, top-down"
tile_954.png,"snow tile, pixel art, top-down"
tile_955.png,"snow tile, pixel art, top-down"
tile_956.png,"snow tile, pixel art, top-down"
tile_957.png,"snow tile, pixel art, top-down"
tile_958.png,"snow tile, pixel art, top-down"
tile_959.png,"snow tile, pixel art, top-down"
tile_960.png,"snow tile, pixel art, top-down"
tile_961.png,"snow tile, pixel art, top-down"
tile_962.png,"snow tile, pixel art, top-down"
tile_963.png,"snow tile, pixel art, top-down"
tile_964.png,"snow tile, pixel art, top-down"
tile_965.png,"snow tile, pixel art, top-down"
tile_966.png,"snow tile, pixel art, top-down"
tile_967.png,"snow tile, pixel art, top-down"
tile_968.png,"snow tile, pixel art, top-down"
tile_969.png,"snow tile, pixel art, top-down"
tile_970.png,"snow tile, pixel art, top-down"
tile_971.png,"stone or rock tile, pixel art, top-down"
tile_972.png,"stone or rock tile, pixel art, top-down"
tile_973.png,"stone or rock tile, pixel art, top-down"
tile_974.png,"stone or rock tile, pixel art, top-down"
tile_975.png,"stone or rock tile, pixel art, top-down"
tile_976.png,"stone or rock tile, pixel art, top-down"
tile_977.png,"stone or rock tile, pixel art, top-down"
tile_978.png,"stone or rock tile, pixel art, top-down"
tile_979.png,"stone or rock tile, pixel art, top-down"
tile_980.png,"stone or rock tile, pixel art, top-down"
tile_981.png,"stone or rock tile, pixel art, top-down"
tile_982.png,"sand tile, pixel art, top-down"
tile_983.png,"sand tile, pixel art, top-down"
tile_984.png,"sand tile, pixel art, top-down"
tile_985.png,"sand tile, pixel art, top-down"
tile_986.png,"snow tile, pixel art, top-down"
tile_987.png,"snow tile, pixel art, top-down"
tile_988.png,"snow tile, pixel art, top-down"
tile_989.png,"snow tile, pixel art, top-down"
tile_990.png,"snow tile, pixel art, top-down"
tile_991.png,"snow tile, pixel art, top-down"
tile_992.png,"snow tile, pixel art, top-down"
tile_993.png,"snow tile, pixel art, top-down"
tile_994.png,"snow tile, pixel art, top-down"
tile_995.png,"snow tile, pixel art, top-down"
tile_996.png,"snow tile, pixel art, top-down"
tile_997.png,"snow tile, pixel art, top-down"
tile_998.png,"snow tile, pixel art, top-down"
tile_999.png,"snow tile, pixel art, top-down"
